surface_area,wall_area,roof_area,glazing_area,height,compactness,orientation,energy_class
274,378,272,19,4.702750566093823,0.5300067425697976,4,1
339,359,175,18,4.972581245841342,0.8179257348239215,1,0
314,297,140,17,3.8091203049338356,0.6443339417876104,2,0
332,448,170,17,5.141293285652929,0.6803437723957824,4,0
313,342,260,28,4.652012680595445,0.7565853379518059,2,1
122,110,131,31,5.211117730800445,0.6570172767105114,4,1
309,128,198,14,3.4154014983272867,0.7095340234610235,2,0
133,121,93,9,4.593928296580087,0.7403046934668116,3,0
339,379,151,5,4.241173483145179,0.8956431475850009,3,0
165,207,177,5,2.9889618581363746,0.8362727821281188,2,0
209,127,152,31,4.143949255132418,0.828060943359066,2,1
96,326,162,39,4.853823273962291,0.9594726749342242,1,1
71,418,232,28,3.204534869667582,0.9723671767162949,4,0
192,329,195,16,2.8184350064051933,0.8133804695789006,1,0
338,270,225,34,2.8904765787754734,0.8230391904862877,1,2
251,306,161,25,2.9832276289478274,0.8896829531655897,4,0
228,268,103,12,3.40538475751475,0.9699025239721704,2,0
62,139,126,20,2.7967724959280655,0.9302318713242976,3,0
333,206,123,27,2.872576215450292,0.9719928926556479,1,0
287,166,192,14,5.116620659254285,0.5335745088719704,3,1
114,308,293,33,2.9992314267174214,0.8226124139731723,3,1
320,473,83,29,2.7203488988446427,0.6759084905855339,2,1
256,284,149,9,5.34485208898251,0.550291756113265,2,0
245,477,112,29,4.190551319264284,0.9049513297353955,3,1
291,139,97,28,4.41531305926347,0.7451275899000539,2,0
324,350,257,37,4.413317193205329,0.6008919584824577,3,2
327,445,93,39,2.628274572611018,0.5596306038315293,1,2
300,255,149,10,2.7782291562005543,0.6204970699374601,2,0
275,237,149,28,3.579892276443015,0.8261654259418519,3,1
179,379,203,12,5.193364515934306,0.9626335194532247,2,0
202,419,165,23,3.2531068357858,0.8046291986834204,2,0
91,381,285,22,4.676022763219871,0.8202488729436173,2,0
347,144,86,33,3.506806331999102,0.6523378581745698,4,1
216,130,82,29,2.8423423137935484,0.7000932833844882,1,1
157,310,251,19,5.485212509945683,0.8475185638971239,2,0
243,465,246,24,4.061196134095968,0.844200286468493,2,0
287,174,293,11,2.7400703555219494,0.5804834488496866,4,0
287,409,278,33,4.095363198845484,0.6463422537211687,4,2
328,475,211,10,4.639599360039274,0.904311794027534,1,0
221,446,159,35,4.1374422632432175,0.8506827425360404,2,1
112,337,118,12,4.013365591350684,0.8650362472333049,1,0
173,117,101,36,4.289403750323724,0.6363469302846554,1,1
334,496,102,18,2.650491970125807,0.8519628340400884,2,0
224,362,288,7,3.6422904045243003,0.5379926866653374,4,0
269,208,273,10,3.0276722296476333,0.8550219420014576,2,0
290,164,282,13,2.6913662917559433,0.5328105688115283,3,0
111,394,107,17,4.700942169923321,0.6722501352111309,2,0
82,415,147,13,3.071019048275084,0.5558056673609325,4,0
75,304,241,24,2.653009317736731,0.5117977691776721,4,1
276,136,99,18,5.11153945424819,0.9418316448540326,4,0
257,168,199,9,5.005349876553144,0.7904743325476798,3,0
320,305,258,32,4.6066289388439525,0.8682881650360808,2,1
166,136,260,39,2.557130802162332,0.624150442843177,2,1
315,485,269,21,4.948547280673052,0.8409807126222291,4,0
186,400,225,39,3.940210303294723,0.8649783769971764,1,1
180,479,148,12,3.69643117162447,0.7670749579916765,1,0
208,152,150,29,2.9099060454187793,0.8202211303242057,1,1
81,187,292,17,3.777891876336372,0.6629105943997038,2,0
329,338,229,9,5.231770849335841,0.9677995530750422,3,0
84,215,286,28,3.4395246866507305,0.9763776881002237,3,0
274,399,188,10,4.540717734249357,0.8772431690031018,2,0
61,431,181,22,2.9347073045962433,0.608460910757871,1,0
85,409,137,13,2.93702006962113,0.6071676648245001,3,0
163,288,252,5,5.34902711795486,0.8171698376273013,2,0
341,314,167,36,4.759457990491754,0.7295051092087979,4,1
301,477,143,11,2.9024762894761658,0.786129374078144,2,0
219,398,179,39,3.3592612203612826,0.528687298498987,1,1
119,405,173,10,2.5004820159009924,0.6219890472267884,1,0
316,256,291,28,4.086613388268416,0.9349739565026083,1,1
303,222,242,26,3.2095683663270265,0.6612466009192944,4,1
211,115,150,17,4.98801373466267,0.5467209089914247,2,0
300,339,168,6,3.2611789945328526,0.8628300756889027,4,0
303,195,93,33,3.79063519895103,0.7203247585518164,4,1
245,254,130,9,4.862323446002707,0.6461919850209354,1,0
255,140,213,36,3.91412408219934,0.8756045170069322,3,1
211,242,257,37,3.127258453667272,0.8767153683994737,1,1
330,374,238,31,3.3824938132905684,0.7216006720726773,4,1
123,179,198,29,3.7048725116089187,0.8101018754766616,2,1
69,268,183,17,4.374073688596754,0.9679151936977511,2,0
258,472,134,31,3.342261729527763,0.702880631437734,2,1
119,138,295,25,2.615304584727957,0.5291550665760394,2,1
100,345,175,10,5.404564369459055,0.9867217111857312,3,0
241,436,141,22,3.6412372395160775,0.9781938651580089,2,0
304,233,109,15,3.9082565521950703,0.776171276597408,4,0
314,363,282,37,4.0644412879235485,0.5988258607520875,2,2
300,389,189,15,3.477264010349189,0.9174016373443061,3,0
325,251,188,25,3.8671475049650565,0.7736210111770997,2,0
154,199,238,11,2.940178940700149,0.8997882922674894,4,0
168,295,175,39,3.7558484200939746,0.7635849628711872,2,1
166,111,100,30,3.376422197290297,0.9448862948158299,2,0
215,187,97,37,3.7104443842710313,0.7957031465397475,1,1
228,133,182,29,3.542714299639261,0.9804549857593365,1,1
100,236,254,18,3.2606696738525653,0.5828004002352007,3,0
200,479,155,7,3.6821077036058156,0.8974707558343848,1,0
145,449,100,16,5.494569958878892,0.5584456413348229,4,0
105,490,172,22,5.040039689237833,0.6238395462808399,4,0
337,122,193,36,2.876858961376521,0.6955157090456245,1,2
276,337,219,22,4.66889649527508,0.8244086480052043,1,1
308,117,282,5,3.391456374902926,0.9838794003242555,2,0
116,116,156,8,5.4853737033568954,0.7278084214002811,3,0
306,226,185,15,2.923472652269671,0.6778883908879973,1,0
215,432,109,20,5.019086782340055,0.6708583600901747,1,0
203,138,249,6,3.099081858959491,0.8145766439304132,4,0
74,431,251,15,2.797131058033698,0.9518446256647075,2,0
233,317,171,15,3.5683481284575453,0.8205809589426054,3,0
322,218,289,34,2.565951425016913,0.7348410434808661,2,1
71,472,81,19,3.1682775841076483,0.6981800770160755,2,0
106,302,91,29,4.376298766442934,0.7289851450101514,3,0
97,282,217,30,2.9547263498381717,0.8635349522385134,3,1
173,352,93,27,3.0277765446388383,0.8744611499076842,1,0
121,119,109,36,4.267118800314159,0.8086001362557755,2,1
242,224,280,29,5.164722567846387,0.6661927943689565,1,1
329,470,151,35,5.187748545155326,0.7760082373625498,3,1
229,216,230,13,3.4394790160049156,0.5626985538218178,4,0
113,173,120,21,3.2202116780536967,0.5601391387376673,2,0
92,275,256,22,3.5216600209896507,0.5613451818580919,1,0
157,449,143,13,4.621509764153908,0.8120490339447128,2,0
326,240,217,8,3.4612531272616414,0.6234260144167355,2,0
199,271,167,12,3.2213892484538764,0.5786157595587129,2,0
112,350,113,24,4.077804794974114,0.8324185649516962,3,1
198,336,157,33,3.381837701063472,0.9221587853490147,1,1
294,479,170,18,3.225397810117974,0.8742228767700475,3,0
336,343,180,19,4.502440114176914,0.9818940198171265,3,0
152,422,185,24,5.433827378055259,0.8024945983261811,1,1
162,366,149,13,3.333195250186942,0.7329346314356956,3,0
99,126,279,29,5.329053289691849,0.7772532695907227,4,1
262,262,256,27,4.038929652980657,0.985089321066685,2,1
260,231,112,17,3.7409168992310766,0.8296501884661374,3,0
108,350,292,37,4.402811748886642,0.6963937279533302,2,1
330,328,206,21,4.267665202370963,0.9339284171046045,2,0
128,200,178,21,4.50400398407046,0.7943340954048101,3,0
79,463,119,18,2.992005548061821,0.9191384854260669,1,0
268,409,206,13,4.4621611601344275,0.773257594582941,2,0
211,216,223,16,2.6217910041676196,0.5953674808260598,4,0
268,340,167,19,4.767470805046155,0.7203324510009154,3,0
162,325,256,20,5.034810953949767,0.642592339607938,1,0
286,384,250,18,2.6137112478754645,0.9850776818612634,2,0
248,240,286,29,2.5216923075059943,0.7983580759969184,2,1
270,162,226,10,2.650898749031285,0.8330336444522187,1,0
333,437,156,25,2.793471615773544,0.5872017595539318,4,1
246,281,197,23,2.643299751734676,0.5093690260735506,1,1
146,388,94,19,3.64306639515902,0.6431133683414477,3,0
225,222,130,38,3.606543295969324,0.8104248024977642,1,1
290,182,87,34,2.782827108434851,0.5128854470015941,1,2
233,492,162,24,3.284337332874853,0.7678716788241311,3,0
115,386,198,26,3.6303881793521686,0.938488982302133,1,0
142,417,264,5,2.9941914774549603,0.8314841739484418,1,0
144,414,96,5,3.0156091205989775,0.577421225477037,2,0
314,372,245,37,5.080912260694593,0.5878829061126583,4,1
254,240,216,8,4.0100251940569045,0.7561899663122365,1,0
250,494,90,12,4.32067805842765,0.5601481562066692,4,0
281,209,95,12,5.053958369185242,0.6029288723076943,1,0
112,373,227,39,4.92670604853555,0.8761796265915271,2,1
285,438,93,31,3.3203970831961604,0.6452599585938721,1,1
209,325,261,38,4.032505691534038,0.565765400349644,4,2
298,253,210,30,4.515869455680566,0.8862326042496382,3,1
270,454,224,23,5.349437177294346,0.9042965757129214,2,0
290,201,158,11,4.535837859728774,0.7990751814975148,2,0
210,357,225,21,2.5904002835454283,0.781014137688816,2,0
92,447,97,38,3.401653623803696,0.9274102879694288,1,1
261,236,263,39,4.551942871221532,0.800318184997654,3,2
212,420,255,6,4.371486130040788,0.7379882327217713,3,0
326,316,198,35,5.295896077710094,0.6907195825458041,2,1
278,278,94,34,3.8880972725641367,0.9418344569441133,1,1
259,432,133,29,4.5781899988771775,0.9123245336854131,4,1
308,180,212,19,4.106105840985433,0.9743458689028891,1,0
155,360,192,22,4.5627240166034895,0.6678108125249596,4,1
125,439,256,37,2.883443788731877,0.9426906564487203,1,1
275,152,109,34,5.25954850324086,0.999040027907292,3,1
115,295,224,9,3.988132809687693,0.8047508655754083,2,0
163,168,218,16,2.8158937174672407,0.6952843603157666,1,0
308,475,285,21,5.495052553535746,0.7928434665275657,3,0
81,115,102,37,4.69593065622031,0.8525491775484539,2,1
311,459,257,7,3.647865360398391,0.8677871785855964,4,0
162,401,96,22,4.015092240915579,0.5525349292370254,4,0
244,486,184,8,4.7036130533878895,0.8910369397574307,3,0
81,492,167,15,2.5573166461470214,0.9808303739271117,4,0
105,460,209,24,2.886030404331322,0.9470688701235498,1,0
293,353,187,18,2.760188648346653,0.715986900396244,3,0
344,361,169,24,4.1057423486208755,0.5439943904574077,3,1
225,496,226,19,4.263966786381354,0.9638962931192889,3,0
174,218,216,15,2.540422158610105,0.7378455828293802,1,0
60,359,159,25,3.060545446221349,0.8875639331721213,4,0
150,171,127,25,4.364813099304937,0.9874866448564965,1,0
159,127,192,12,5.031341923172681,0.8064803624155963,1,0
316,135,82,22,3.8156435697068316,0.8335735598968028,1,0
308,142,132,34,4.6385517666181855,0.8261628188783392,1,1
263,103,123,36,4.106101639912867,0.8197052018077182,4,1
242,458,183,6,4.420639019885546,0.648020615330077,4,0
307,421,244,30,5.429385621488272,0.7906481081503915,3,1
261,309,110,38,2.7139338234527193,0.8758395528303979,1,2
182,132,199,27,3.867579640512626,0.8818407054767443,4,1
105,404,117,20,3.1856717596671746,0.6786680414526467,2,0
61,345,299,6,4.341269950100351,0.7682141538517286,4,0
169,498,133,38,3.1322413097450483,0.8650547556119347,2,2
190,154,99,27,4.107234595840433,0.5142472841045664,4,1
273,462,209,34,2.8412808696301424,0.8440554176685815,1,1
264,469,110,21,2.5908085072868157,0.7351052435223475,2,0
147,223,296,12,4.318620501641634,0.5506847490092077,3,0
228,306,272,26,3.742702127121519,0.7009477636103467,1,0
199,300,121,35,3.186952435510022,0.9235432271749688,3,1
330,323,169,8,3.8276277005481094,0.8570639155508443,3,0
138,403,214,21,5.388867802370246,0.8368704489826355,1,0
266,128,146,6,3.1589802350981544,0.575520079649025,2,0
279,104,154,26,3.3641991831375817,0.8013773114124583,1,1
108,451,245,15,3.3268798314186063,0.8984355719545205,3,0
179,281,106,6,4.679138351260946,0.6408375815727756,4,0
319,307,220,8,3.0278417849851738,0.9580155201362436,4,0
164,410,282,9,4.636403012030467,0.5086984147877491,3,0
293,432,231,17,3.9130103084347105,0.683326487476324,3,0
276,311,255,13,5.360427399701779,0.7819106644037095,2,0
204,145,215,11,2.5318578117919035,0.5137279328173683,2,0
200,200,98,39,3.204813712841237,0.9235419681067567,4,2
81,185,240,25,4.11281856027837,0.9550949812576326,4,0
239,364,132,17,4.755531320258827,0.8147136235403555,2,1
267,293,254,13,5.456192385875368,0.9155201193514428,3,0
314,236,149,16,3.853754311151663,0.9743424894986403,4,0
199,253,283,15,5.484274039171235,0.530048496075983,4,0
165,253,185,28,2.5658208187230236,0.9021094211182439,4,0
196,371,120,29,2.5310316874409517,0.5250033034082449,1,1
322,467,162,8,3.6300369183225687,0.9632306217222762,2,0
167,358,115,31,2.6293398690789997,0.738238400019771,1,1
305,283,206,26,3.617939187482051,0.8574380767229443,4,1
325,455,156,16,5.189660656669187,0.885132232491852,1,0
210,483,88,20,4.133908329632144,0.7043492823629854,3,0
99,379,257,33,3.374456324875415,0.7941626502414811,1,1
290,393,200,15,4.628516505315925,0.5960467531003674,2,0
97,343,246,11,3.7836375353689555,0.7488212973137933,2,0
161,401,230,27,4.129345224654035,0.7372627977252211,4,1
180,179,95,32,5.360998461099525,0.7508777834816708,1,1
347,307,196,5,2.7069724092025895,0.6769396749220784,3,0
262,186,276,13,2.8666521257820365,0.8199738491629763,3,0
142,308,112,16,2.504558553048468,0.6113149190524765,4,0
65,479,124,13,3.801829685844108,0.5424587435484104,1,0
329,219,293,30,3.224170190514816,0.8566715044926518,4,1
87,128,228,20,3.492608742286737,0.9080709171613697,1,0
114,392,155,14,4.353832541159139,0.7612111009321678,1,0
305,113,125,37,4.800087433490187,0.6137703935236032,2,2
241,184,166,37,3.5742560530627765,0.7036424059006401,1,1
292,205,134,13,3.5802617797336125,0.8354215933464875,4,0
326,281,112,25,4.193472241481968,0.6828120257786925,3,1
131,191,178,11,4.134625358086359,0.5076329762797012,4,0
305,455,257,22,4.905602276341174,0.7086819666636716,4,0
147,471,86,22,3.749662779719108,0.8217165139497697,2,0
82,178,250,31,3.8771965692486323,0.9013186980660001,3,1
199,242,165,31,5.469279673896587,0.7447588851434761,1,0
120,394,227,39,4.9277857660863535,0.7388744323359331,3,1
273,253,251,5,4.855508452530314,0.7346243265900283,3,0
233,341,126,25,5.041221380709265,0.906992235802145,1,0
134,221,247,5,4.689107098061889,0.9047966088682986,2,0
236,179,161,39,4.38630121279851,0.5754842954969952,1,2
118,407,98,27,5.161531473296151,0.7025922942973886,3,0
199,457,266,25,5.000401319907439,0.8330294547019478,1,0
125,179,99,36,4.28497130938938,0.6234509208379484,2,1
274,145,295,15,4.242831611818334,0.7406932830849133,1,0
162,128,103,6,3.8731498041605033,0.6160579954194693,3,0
111,486,126,17,3.9990556668027932,0.8147624003403557,2,0
188,391,258,10,4.764837032230268,0.8725552116723168,2,0
298,318,246,6,4.929842021120977,0.6273349481012344,4,0
300,146,293,14,5.027488196377468,0.9143202170671958,4,0
172,204,240,39,5.455009463576582,0.6874316140933037,2,2
68,286,187,31,4.208100369921658,0.9661865880752986,4,1
232,484,105,18,5.115033666459206,0.8479385729292117,1,0
235,412,117,6,2.738383199647146,0.9405361444511873,4,0
73,441,97,31,4.1563943377191865,0.6858740282787672,2,1
145,424,211,31,3.9674174432813474,0.9858475753578071,3,1
265,382,263,32,5.027273715850537,0.5489118074215231,2,2
328,481,125,6,3.341247942305783,0.7572324294455741,4,0
319,447,156,35,4.150751458249104,0.5504188739152077,1,1
149,137,259,33,3.5569222855905847,0.7917933859123173,3,1
322,352,201,8,3.4829995012912787,0.7981815168154442,4,0
181,332,108,14,4.165076051580506,0.9464378001376905,4,0
298,308,158,5,5.000451047872669,0.8727343439640521,2,0
199,460,99,26,3.362985747976256,0.9596589918748745,3,1
274,104,165,32,5.320985399177756,0.6410278869665569,4,1
287,243,135,21,2.595381416131178,0.7157637995675821,3,0
260,366,94,23,3.940317113608059,0.5498273495868609,3,1
328,338,101,37,4.045165344964017,0.5311369610589997,4,2
125,470,256,7,5.000843426650092,0.6035134626764942,1,0
251,107,231,34,4.455445750057356,0.6339603598683557,1,1
306,473,110,32,4.530654911079431,0.5154001187537742,2,1
320,152,184,18,4.9976449870563995,0.5719720816246658,1,0
247,176,209,31,2.9835160599734265,0.5964280794810772,3,1
60,369,93,37,3.301417624421116,0.7383732942728402,4,1
280,309,203,26,5.413327962475718,0.9435941336515377,3,1
149,263,152,11,3.040243050856747,0.6356846494005048,4,0
179,304,222,18,5.490880328731831,0.6680472796366721,1,0
126,452,81,21,3.3482714133792637,0.5651488140542575,3,0
280,460,237,6,5.046331650004929,0.6939054980557574,1,0
313,162,278,22,2.6712881936780843,0.608684986330526,4,1
179,405,163,16,4.160443303696246,0.8682043320682267,1,0
240,130,285,16,3.6278557784149124,0.538596023063441,3,0
322,442,190,15,4.491008810332981,0.6076547557582259,4,0
236,109,107,34,2.7385678952687247,0.5569979483145115,4,1
319,478,115,36,3.952209384947503,0.6327600163635532,1,2
259,294,158,5,3.069860581634342,0.6313345074215011,2,0
135,286,81,15,5.191407112682342,0.5282398602605555,1,0
292,433,269,29,4.0999003165463765,0.8507147851188552,1,1
113,247,127,26,3.9839557294554444,0.7109658153765737,3,0
205,276,85,8,4.713950175099776,0.7409899902311836,1,0
282,210,145,32,3.535798876650579,0.9134727823039109,3,1
202,210,213,31,4.10718182642867,0.7527141896659149,2,1
232,310,93,24,5.0619415816855815,0.6210591672684671,2,0
312,312,185,29,3.337823101758177,0.8215078283710275,4,1
127,116,224,32,3.08589772527311,0.6926221813354242,2,1
308,349,145,35,3.3333669136032666,0.9743430721298141,1,1
87,358,201,30,4.812790656230396,0.9545213939552539,3,1
146,417,142,21,2.693703171604232,0.7426385456772968,4,0
305,318,135,35,5.340130304823074,0.5355021387789244,2,1
236,243,100,36,4.878875690362384,0.5720916426498908,3,1
321,248,174,21,4.141818859694757,0.7098674081766646,1,0
333,343,143,26,3.4748014879356353,0.9293787933124942,4,0
314,165,145,16,3.6024996067434207,0.7933778209696634,3,0
110,362,175,26,5.07624584248097,0.7161820131290113,3,0
270,168,104,32,3.130303066583054,0.5144330261288979,4,1
330,368,265,15,3.0358156048021647,0.5361649727111788,4,0
339,380,107,17,2.8713074212651453,0.953913997237037,2,0
149,105,218,13,3.4254381628794914,0.8215717542530342,1,0
112,133,116,8,4.404413568376982,0.8377965494728561,1,0
94,174,270,28,4.682039939557118,0.9952971130519218,3,0
333,152,147,8,3.0947068294543034,0.5551865388254884,3,0
186,352,138,12,4.195493683638793,0.8799880606926173,3,0
233,103,97,34,4.315516980244813,0.5466847130335213,4,1
267,356,185,35,3.012757836831258,0.7499061886393668,4,2
315,248,194,24,5.29822973584904,0.9039600383731721,4,0
96,137,221,21,5.229396293458983,0.9408456755968203,2,0
110,305,205,9,3.1713045494064964,0.83646062208634,3,0
97,215,205,9,4.747428300017831,0.8633496021825724,2,0
123,403,89,32,3.664895793387967,0.9223424962880776,4,1
193,403,138,33,3.1009877333054767,0.6810376788638371,1,1
257,112,122,10,3.448198661496363,0.6723872216953591,1,0
262,195,136,29,3.540701493482849,0.7171617556628316,2,1
192,204,185,6,3.359398409114074,0.8547303166827778,4,0
175,380,153,27,2.684618589901479,0.8863010561989286,4,0
318,279,144,35,3.052223930515376,0.782323342066811,2,1
93,305,260,6,4.248850677742666,0.680381505147277,4,0
250,320,299,7,4.846321676779476,0.7677667021455966,1,0
299,153,253,8,3.1638118384294804,0.7680056526105723,2,0
159,369,87,17,5.385756028720785,0.6121523348281745,3,0
105,399,95,31,4.248162354832618,0.745576420607539,1,1
271,153,194,10,4.645120708930097,0.7847271385023868,4,0
299,396,132,13,2.5289049933914702,0.6652072280354457,4,0
115,115,243,32,2.6153069387432226,0.7112515512136236,1,1
347,119,125,16,5.2131686883566415,0.8150539240254009,3,0
300,447,81,24,4.661294635095031,0.9870704438276683,1,1
210,194,101,27,4.426484240398603,0.7803140853786983,3,1
314,371,176,30,5.065233220989073,0.9954126249022048,3,1
302,250,283,6,4.673978735776993,0.9654236615983756,3,0
217,482,106,24,3.922532229586066,0.5326819113241925,3,1
179,395,186,10,4.404633984820306,0.8624158281898466,3,0
105,309,195,16,4.458473039527657,0.9566555517139106,3,0
221,299,162,21,4.6873606016259135,0.519924437546956,3,1
122,355,288,23,2.747451914444616,0.7444987506566421,4,0
236,164,216,20,2.710933864854347,0.6282305292036905,1,0
71,498,212,9,4.590889505064922,0.7768332624415908,4,0
86,481,226,30,3.2138782307299123,0.8543656474811776,4,1
177,383,251,33,4.311655769065887,0.6569560803540966,2,1
66,466,294,8,5.471410363708013,0.8856020095624544,2,0
323,252,194,9,3.7981728664606047,0.8454319994112613,4,0
234,123,211,33,4.419474632445201,0.855459130208124,4,1
342,294,171,21,3.155926035046785,0.8022716613972883,2,0
84,340,214,29,3.63415419419355,0.6273965302335165,1,1
274,476,276,39,5.233466107326267,0.7468783628612449,3,1
225,157,231,33,4.809565486052982,0.9883007482362951,1,1
85,447,263,7,3.3897350570884046,0.8402962804143639,4,0
181,464,225,18,4.2998898102767305,0.6901657910907527,2,0
257,241,109,14,4.743457186615782,0.9685967224775691,2,0
267,467,185,8,2.7417592812806038,0.7198192697529182,2,0
278,450,277,10,5.129535523187727,0.8967329322315138,3,0
132,325,217,23,4.444574067298371,0.8927420842129193,4,0
326,457,269,30,4.354740721421425,0.9503927436557222,3,1
163,327,247,27,3.0863163229556116,0.5797860759214578,1,1
277,280,130,38,4.301329629516671,0.7226329354651477,2,2
123,146,106,9,4.6779136975665985,0.5824837333714157,4,0
74,468,185,7,2.7647888884970566,0.5211524859955479,3,0
228,234,113,6,4.053415505586889,0.5211030110111308,3,0
348,101,238,34,3.1484098045769713,0.7831501400558045,2,1
309,271,277,14,5.329295796819758,0.6796463134746424,3,0
116,156,265,17,3.7714558107786047,0.9352334403713647,3,0
149,281,230,28,2.884544167570363,0.8579713652232592,3,1
312,151,239,17,3.1090575255562887,0.8883527260582293,2,0
101,107,296,27,5.055720481636193,0.9767764160256234,1,0
179,106,96,5,4.818157478257179,0.6170688544537026,3,0
73,234,109,34,4.432629728199398,0.5950501353659725,3,1
177,200,257,39,2.898289908911391,0.9054746587204323,3,1
190,352,104,22,4.364738143176312,0.6136771302474091,4,1
203,319,212,5,5.2276690103475545,0.8611882915540638,4,0
100,164,175,10,3.088704822604941,0.6288450036235522,2,0
89,146,280,12,4.4402884904077435,0.5551387433310302,2,0
160,102,91,18,4.895342420277018,0.618518459471888,2,0
258,249,155,7,4.283428497116593,0.8655873202161893,3,0
126,430,98,17,3.6954182153445094,0.7136918278607102,1,0
174,477,190,15,3.0316885900541197,0.603263814680334,2,0
252,192,280,26,5.208386459994189,0.961845175786357,1,1
119,402,218,29,4.757297992654086,0.7649872198872555,3,1
230,368,190,34,2.6369448380784286,0.7046005963097145,3,2
70,102,165,5,5.104078833713427,0.5302990429155278,2,0
211,114,233,16,2.7598904168032794,0.5936526180033043,1,0
183,465,247,8,3.2145276324096894,0.6435389615353428,3,0
318,352,229,26,3.4630577616974447,0.8378605654268538,4,1
266,182,130,14,2.900338881520464,0.7734039053245783,3,0
346,326,184,11,4.2905297010315575,0.8767790758410248,4,0
156,233,142,22,2.91898817284947,0.5740136766450035,2,0
125,150,206,39,2.5257120222700378,0.762034961173639,4,1
141,395,190,21,3.933212186472829,0.7716670645332377,1,0
116,153,96,10,3.47855448086571,0.7619336305304816,2,0
204,195,85,7,4.0406375657639035,0.9783685821404238,1,0
207,410,99,29,5.298848520960277,0.9093928795250084,1,1
345,350,179,5,4.485070743602362,0.8019003075113929,1,0
250,337,94,14,5.319383806183044,0.6213663594580605,3,0
227,415,176,25,3.796279453103208,0.5397226763648196,2,1
144,488,163,18,3.1491035888065966,0.8389039176777238,2,0
77,145,217,24,4.814328567119389,0.7581998158909927,2,0
325,381,139,34,3.4290553496125145,0.9150945697045783,3,1
119,295,255,29,3.065948908744872,0.6782915000087675,4,1
248,480,156,5,3.164685367517054,0.9275535194760697,3,0
68,288,124,37,3.571437185224352,0.8809468694122786,2,1
120,383,82,8,3.156738524152785,0.6587087437134342,1,0
214,252,149,23,4.9152796900560585,0.5836224180408527,3,1
287,122,211,24,2.607886699806178,0.6032950658578947,1,1
101,422,249,22,2.6745255518931152,0.8690333259525369,2,0
114,259,93,31,4.680211026089526,0.641449956295883,2,1
96,436,113,28,4.918807875185484,0.9346582329541174,4,0
122,387,147,5,5.175814467384004,0.9975011993427111,4,0
149,415,193,32,3.285191897767641,0.8544191774856629,1,1
140,211,179,36,3.0578335065377864,0.7435217502855556,1,1
231,467,199,10,2.8223785947340865,0.9146093002078992,2,0
77,367,295,28,3.838220950754126,0.883243758064389,4,1
300,246,219,25,4.070124631639982,0.7992196055153526,2,0
159,154,133,21,3.689932316951027,0.6243693078150173,3,0
195,234,293,10,3.3958600064739586,0.5209884383946554,1,0
323,156,234,28,3.8223187672013723,0.6724008497425751,2,1
85,129,251,25,4.832421666965185,0.7966730542487401,3,1
239,455,92,31,4.253252517315406,0.7392932864325766,3,1
60,369,136,31,2.683391212875835,0.5202580840657773,2,0
181,449,188,12,4.333077959866182,0.543964404218835,1,0
178,162,145,20,3.071608763122841,0.6248466129689842,3,1
192,437,114,19,2.5843405811978606,0.7264481176097208,4,1
280,258,102,18,2.729205555931917,0.6146046652410574,1,0
253,169,189,32,4.582325772507203,0.8490302756774,1,1
277,349,82,21,2.765469644824675,0.8379624637121907,1,0
216,155,173,31,3.1890267336150417,0.6939490135911666,4,1
229,202,291,23,2.685390985730641,0.6615439417026565,3,1
196,388,211,38,4.520229318267335,0.7983619601184027,4,1
330,426,275,19,5.1266818727272625,0.636338940129217,4,0
176,368,216,25,2.955544334754653,0.7101420751348942,2,0
230,184,92,38,3.581272877483725,0.7639726527165551,4,2
101,193,211,37,3.493684468292414,0.6307196093398205,1,2
240,189,109,37,3.2519738280919808,0.6480339613455328,1,1
256,260,108,14,4.763942072669263,0.6282041156936267,2,0
107,125,273,20,4.247774441554862,0.8180989743410769,3,0
194,389,170,24,3.091959126717323,0.9991624131848462,2,0
175,489,278,8,5.414554394218629,0.551453527873454,3,0
202,436,242,31,5.013766484383895,0.7959537512768922,4,1
155,347,155,16,3.4057585114266606,0.7619870034897389,2,0
62,256,187,18,3.555128520037144,0.9596187968233947,2,0
320,400,137,28,2.776281876386696,0.5638723522732494,2,1
85,144,260,22,5.025165789784841,0.9386884537473223,4,0
340,361,190,35,4.4416015981986865,0.6367639780636729,4,1
203,175,264,32,2.5476694516719594,0.6048526452338667,1,1
84,319,136,25,5.2390009235032196,0.8302037140607761,4,0
161,445,232,33,3.381877571224332,0.5568271416686728,3,1
182,311,145,23,5.435964284189499,0.6873990531303161,3,1
87,362,175,31,4.719315841561613,0.591709315061681,3,1
128,300,191,7,3.0286829969031963,0.5717155943098182,2,0
64,353,151,6,5.246560746617603,0.7378405585519143,4,0
183,457,204,25,4.063277594184111,0.6844171944566908,4,1
137,376,125,28,4.363665799523932,0.9346344372843307,1,0
340,146,284,7,3.130575568284081,0.6092216069812892,1,0
291,384,289,31,3.943324573101051,0.7679169949005862,1,1
228,341,129,31,4.711432496509435,0.9707264991680984,3,1
75,242,253,18,2.592582516110388,0.8607773156352317,4,0
93,402,279,23,4.891619463666826,0.5730608462016997,1,0
70,463,265,38,2.841434751129011,0.9102835428628877,2,1
302,440,152,18,4.172115850456118,0.8682379439463372,3,0
101,419,111,38,5.302975812634405,0.6765948421913008,2,1
257,406,171,33,4.880887346502498,0.7642165257147546,2,1
80,443,174,34,3.9292955432113743,0.6163670294567541,3,1
295,157,81,34,4.515867248878652,0.7605801556542928,1,1
83,261,237,6,3.3614556503388897,0.8703314903818615,4,0
185,469,186,14,2.9392730562600433,0.7268554969270634,2,0
189,204,111,22,5.26613907427115,0.5565091682451536,4,1
207,210,114,31,2.9903625704626196,0.5268469520356773,2,1
150,223,121,9,3.399145140368864,0.8719999131475169,3,0
174,399,185,24,3.422752128753602,0.5608627719545822,4,1
210,321,266,31,4.641806136579097,0.689039186020651,4,1
83,488,214,28,3.722420124108412,0.9605430995107621,1,0
84,138,204,30,3.460953110444253,0.8636203895463102,1,1
212,333,135,37,3.3263074235190038,0.8281012998406414,3,1
127,184,101,22,3.1275718801527588,0.9826557916148391,2,0
238,453,128,29,4.112209955240044,0.5195197113198495,1,1
284,365,154,33,3.5472353435952506,0.6124837312578697,1,1
82,191,192,15,5.399158015087465,0.9432561282062671,3,0
60,403,161,21,3.0068533987026536,0.7107230269547549,3,0
89,294,192,25,3.554642979421152,0.5665962424304589,4,1
95,312,188,7,2.58470681785115,0.9988680161032265,2,0
132,383,94,24,3.14588299947924,0.9893203646044388,1,0
306,269,211,17,3.9468827114792138,0.9145054662800232,1,0
346,212,240,19,5.445413618928823,0.6060153211041723,2,0
300,389,273,31,3.8403310954983407,0.6388010305830836,4,1
344,308,97,39,5.123604787730698,0.5969962390002118,2,2
302,117,244,22,3.3580457018242447,0.8130783986658865,2,1
111,398,179,22,4.939536169013028,0.7457871854180818,4,1
301,139,245,22,4.475218824981397,0.8731056038898617,3,0
296,235,288,18,4.360444026734663,0.7630862700636813,3,0
293,457,274,30,4.8540217819808404,0.7558013661252492,3,1
187,491,157,32,3.279256134535441,0.8901626786944064,3,1
164,420,129,29,2.5983285502736804,0.8542081567097917,3,1
225,239,299,26,3.8240979560149544,0.7492371934878509,3,0
174,398,257,28,2.9249401382855096,0.577542862117036,4,1
184,275,224,39,5.054264788990839,0.9000745305349267,2,1
150,470,155,37,3.626829563637311,0.6290990942608627,2,1
173,177,155,20,5.0034400818263975,0.685641190089868,3,0
230,145,88,19,5.36775428855547,0.5934953126584233,4,0
257,346,130,12,4.871813435868372,0.7741255208769426,3,0
180,404,198,24,4.10017255548085,0.9148190570900911,2,0
291,257,90,32,4.584549672737754,0.5940826992346491,2,1
220,391,131,19,2.7195874300993217,0.7948533935334403,4,0
135,357,136,12,3.563119109769914,0.7112041924997126,1,0
234,343,121,32,3.972332883073946,0.8508233658516327,2,2
88,336,235,27,4.788536256640775,0.6782496426171686,1,1
193,134,189,6,3.4589403337881093,0.7281837340388511,3,0
119,422,271,26,3.3945359345286863,0.9555268835382356,4,0
286,370,193,5,3.7812290369135715,0.5730760301510565,3,0
117,230,294,13,3.2497939656626325,0.9340982972893576,1,0
270,419,104,17,5.36424479030256,0.5132253813695147,4,0
298,169,141,11,3.667776015521243,0.548201911539548,3,0
308,391,125,6,3.4758589031545046,0.7748558118819697,1,0
219,326,285,28,3.426715248767473,0.729822479923842,1,1
256,290,224,9,3.6263212790778288,0.6336546022820412,3,0
340,361,106,34,2.7064358828975097,0.8706501857785203,3,1
276,130,165,30,3.7364960403597944,0.6387249037463502,2,1
82,428,116,36,5.3419980443819925,0.9724065384041914,2,1
286,100,138,32,3.36646391195868,0.7681323686224979,3,1
316,109,128,27,3.667922255884255,0.960016240746082,2,1
148,364,299,16,2.834993705345422,0.6387875814182078,3,0
230,140,218,36,4.200156975875655,0.5749036315570994,3,1
222,294,169,12,2.8643137369176177,0.5188124929467318,1,0
155,353,134,10,4.103419687491629,0.651253271911071,1,0
121,193,171,12,3.1603374312533767,0.5944663967213284,1,0
336,124,200,27,3.7667124202405673,0.8820106049194778,2,1
224,392,193,25,4.0452543720167995,0.9954473004535997,3,0
81,484,95,26,4.177771306071904,0.6292173581597177,1,1
187,158,257,29,4.170696514726005,0.6751316868026268,3,1
340,263,110,14,4.6260294512209565,0.9433247124517494,2,0
73,327,83,30,3.4143875215298696,0.9527710562846639,1,0
122,273,116,8,4.591100473147531,0.7011595527728385,2,0
221,271,88,8,4.77016507921645,0.7637820934960122,1,0
119,481,87,37,5.046466151051016,0.77421031772226,3,0
296,127,106,26,4.434800582722772,0.7689855299464213,3,1
209,196,156,23,2.6067081659982074,0.5423669891352048,1,1
144,473,298,18,2.5926355235663228,0.8818802695633725,3,0
300,263,272,11,4.112187312333475,0.7998324311298004,4,0
322,143,292,7,4.956589344711496,0.949939044860884,3,0
179,261,192,16,5.049399459816211,0.8829397168796658,3,0
142,117,147,16,5.303362979738245,0.9083375005840642,2,0
280,188,170,30,4.167997689959472,0.5784151928199102,4,1
155,176,130,35,5.240907798428792,0.9195453591940307,3,2
304,311,227,11,2.8516845218017144,0.5508918338118092,2,0
248,493,295,6,4.144717050107834,0.6256432466547817,3,0
189,283,123,23,5.076959371876021,0.735202709949127,4,0
115,406,245,16,5.353282044651098,0.6616154653158095,2,0
132,430,252,33,4.219442689724328,0.870805666088305,2,1
296,187,263,19,4.1233795633999915,0.5981658184620435,3,1
133,155,226,18,4.478776685665387,0.8371965737738218,3,0
268,392,191,21,4.734607270906627,0.9403263693629933,3,0
73,375,243,16,3.6129414182988318,0.5033150971667444,4,0
238,381,251,13,4.7377842717245695,0.5552349822680267,2,0
145,380,243,8,4.179417492714571,0.7398561831272614,4,0
143,312,254,17,5.244934764777357,0.866449299975826,3,0
126,120,266,28,3.4961306710371085,0.7658767280389536,1,1
187,416,285,6,4.84402689709556,0.7275304154983773,1,0
290,316,289,19,3.2085932383380267,0.9686225793309144,1,0
173,146,159,37,2.63207147793201,0.6592013064285827,4,1
285,343,225,33,2.768338731119345,0.7846417928081848,1,2
343,347,281,30,4.651007153624285,0.7935841390931426,4,1
316,310,262,9,4.153196843098945,0.6267491881862546,4,0
337,473,281,22,3.5240564352072146,0.8937661367261415,2,0
206,222,233,21,3.321851644092749,0.6620215132439962,2,0
105,453,158,27,3.8567498068793924,0.6715942066304337,2,1
292,310,109,20,3.596736771446666,0.7110754164692284,4,0
93,495,251,6,4.507619522650212,0.7944056649122817,4,0
260,339,217,34,3.5084237265218308,0.6636031310600119,1,1
164,494,132,12,3.080731447856852,0.8635643808719626,4,0
301,464,246,22,3.8421834003525084,0.914004778034044,2,0
216,425,159,31,4.992612146282138,0.5223399856620028,4,1
148,101,145,19,2.550592521894245,0.7111149829037782,4,0
173,311,97,29,2.9823996746250425,0.6804685753366608,1,1
105,256,91,26,5.1403396869644356,0.667112234437414,1,1
269,468,214,18,5.327859412267259,0.7799981290934511,2,0
231,464,236,37,5.0677364423575675,0.9535413827969482,2,1
124,126,84,34,2.672223736951497,0.6809099076897382,1,1
323,450,132,33,4.977320577722548,0.7402415412519459,2,1
318,281,223,7,3.8342143445322616,0.6249020113864601,2,0
312,292,247,18,4.841218384509066,0.9005124830594031,4,0
180,379,84,33,2.984918485103208,0.976004343090447,4,1
177,334,156,22,5.149029888661991,0.9291544401173613,1,0
319,131,172,10,5.265349096616462,0.5951639868364624,3,0
103,441,214,37,2.879107756088184,0.7938060436272448,3,2
341,437,163,38,3.028651872248564,0.9686346419587437,3,2
191,417,87,26,5.277354865825688,0.5490017960703537,2,1
289,286,112,29,2.5768967804532954,0.6578634236570727,2,1
249,323,289,5,5.02960598027471,0.5834077831863024,2,0
183,474,103,24,3.694552084572298,0.5507276660634538,1,1
135,491,263,26,4.03887096027859,0.8749382264660892,4,1
276,414,92,11,5.039816152702432,0.935174817528885,2,0
260,173,276,37,4.803882853540928,0.5244249212503802,1,2
210,375,272,19,3.734425462952713,0.6132727802985736,2,0
300,483,90,18,4.663339508063759,0.7965931362074148,3,0
267,190,176,29,4.848925020741602,0.7029669028375054,1,1
305,202,224,18,2.661490202217347,0.5996693526605841,3,1
135,297,152,28,4.652534284750382,0.8819898834205876,2,0
273,178,102,29,5.467591708523402,0.8418461265614354,3,1
119,459,205,20,2.6085228014330912,0.9160003495403544,4,0
157,339,116,27,4.248448661748296,0.5087678739627717,4,1
184,241,237,20,2.861533367626108,0.792453380512764,1,0
278,119,235,11,3.519017837328911,0.76455074638709,4,0
88,274,150,34,4.1651083189761895,0.6816021300830231,1,1
304,151,202,35,3.0657674686940166,0.7533334538865954,4,1
108,395,141,34,4.919726944717441,0.6242233997203469,4,1
204,448,278,18,4.020703874424165,0.697368013194598,3,0
71,178,95,7,3.8747378396232626,0.9800019533659413,4,0
297,291,157,20,4.330544729331059,0.7592762047455521,3,0
65,307,88,35,3.8440936462775213,0.5840572062128353,3,1
171,288,101,16,5.0891839088496855,0.6400737397975909,4,0
105,243,156,8,4.037946881034886,0.6609533125461378,2,0
301,474,138,8,3.557898812788761,0.5192500023144497,2,0
209,175,161,9,2.6439374967144493,0.6105932996021204,4,0
261,414,216,18,3.3369349009849025,0.6561938174573144,1,0
119,282,182,39,3.8107110375756887,0.6477840505530326,4,2
63,367,226,18,5.120008318234041,0.6838921136631357,3,0
166,127,231,11,2.6849377943105903,0.7003074099733801,1,0
130,150,97,19,3.1367442044642972,0.7258657716736104,3,0
139,190,246,32,3.5696311118781403,0.797679971413527,3,1
97,457,120,8,2.5498231570844974,0.6730616714329927,2,0
68,359,110,24,3.8952452795022894,0.6375810830450737,1,0
257,120,232,10,4.825861706517113,0.885363030855647,1,0
77,406,161,34,3.651079927689898,0.9194942542018012,2,1
123,171,103,15,3.027491621144287,0.8025836037799847,4,0
307,321,207,35,3.221432910442865,0.9572185658691614,2,1
310,337,251,9,4.0272099535286525,0.9899717659580562,3,0
337,362,274,6,3.717678729810183,0.6175653279948763,1,0
244,382,128,22,4.019652325540051,0.6446423643784145,1,1
337,391,274,9,4.009447968973895,0.7521602651666591,2,0
251,254,172,8,3.3314177783650267,0.7874455036002855,4,0
214,295,219,15,4.241342582092551,0.9362496540515785,2,0
218,464,181,18,5.362537443636409,0.7989826506293096,4,0
71,362,175,31,2.920910516279014,0.9641208394426641,2,1
312,432,255,11,5.047176095120879,0.6294342021471775,2,0
178,395,274,9,4.9870739562861885,0.5336061757192017,2,0
227,248,125,22,2.6818788430333784,0.7916852468102314,4,0
138,427,94,19,2.867156012634668,0.8806319336176642,2,0
176,492,142,37,3.169610165399689,0.6149263966204711,4,1
92,244,240,19,2.550550910421779,0.6939358213700447,2,0
262,159,134,21,3.8976099030757934,0.9468496624100786,1,0
287,308,269,12,3.8851043739990225,0.7519951361042984,2,0
176,485,180,21,3.483621260341982,0.6774537310841169,4,1
155,258,153,30,3.024422254023023,0.6597905292221781,2,1
162,441,191,18,3.0440431429766357,0.9494881832209726,1,0
211,141,213,12,3.751879835964824,0.8040759451829693,2,0
202,253,102,30,2.7369634446400712,0.5453660551604167,1,1
201,225,263,18,5.492313442205068,0.5767243884853724,4,0
105,358,103,21,2.603077196750028,0.8483187957277334,4,0
153,264,213,16,4.714178449566977,0.9923478469084499,1,0
255,100,234,8,4.710576070472898,0.605951465145309,3,0
115,357,104,9,5.295887311401792,0.606757630218757,2,0
115,269,252,34,2.8754122538216715,0.9648605261955133,4,1
325,170,164,15,3.184531299772306,0.9800219238656596,2,0
235,316,253,22,4.895117542323651,0.8535390785813902,3,0
200,170,206,35,3.268364380977883,0.5872681005812839,3,1
248,396,169,9,4.2348592281149795,0.7643437165062283,2,0
228,248,212,19,5.215054788062822,0.7135861266359859,4,0
295,436,211,36,4.1601521844150415,0.7781368925910037,3,1
72,294,167,37,4.061382502699222,0.7217350347937074,4,1
302,405,271,36,3.5654912691958818,0.9100495660816816,4,2
82,426,164,29,2.9339650089652136,0.8901655693938415,2,1
232,408,194,31,4.3461298006956195,0.8020327532749312,1,1
347,378,100,33,2.6571355986639977,0.8785104499216706,1,1
167,294,260,18,2.7354170158611044,0.8792205024664277,4,0
269,110,109,16,3.6448042689274383,0.9998510257955924,3,0
296,308,206,22,3.3227549087823807,0.6375060764640926,4,0
251,417,132,37,5.400546629806799,0.7834069756815011,1,1
344,240,187,10,3.918482206284493,0.5650825182933026,2,0
263,238,189,28,5.231492370779107,0.8973178909226371,2,0
130,278,241,29,3.541045285986665,0.7421217188707779,1,1
113,333,201,30,4.9274104129451235,0.7453656894223187,3,1
309,268,108,29,5.049975700112306,0.926630192828912,1,1
187,472,87,29,4.30103926805123,0.797632477257258,4,0
336,165,81,27,5.281259939826802,0.7557276960491777,2,1
261,269,89,20,3.3329283901546707,0.545961691968313,1,1
97,367,279,39,4.117441412243457,0.6175373636574848,2,1
64,422,256,39,2.6476530920993655,0.8374035127780317,1,1
146,430,154,27,4.533772896736311,0.8643302070012622,3,1
141,154,97,14,2.9033312312137243,0.7227901815306865,2,0
293,128,190,12,4.008157289924085,0.5442153467552009,2,0
67,418,186,22,5.213921602246545,0.7749500649669705,1,0
238,241,287,5,3.5046349466743556,0.5870165289174741,4,0
62,227,207,17,2.9127357161093075,0.6624293192557471,2,0
310,100,243,7,3.9063697827808896,0.6142337454597859,3,0
340,213,134,14,3.7943160023760236,0.5424792043238577,2,1
94,176,94,23,3.173231165785646,0.7501965666316182,1,1
194,364,105,37,5.488808617146125,0.90658581501432,4,2
327,469,278,32,4.985113948251193,0.5914578595918707,1,1
145,491,154,38,5.184839504056345,0.513023974218831,4,2
202,451,246,14,3.020544000146092,0.9968447029512368,2,0
82,489,160,23,2.7970126282301697,0.5021407041172035,2,1
137,140,213,34,3.398828448226574,0.9928347557175417,1,1
337,377,192,22,2.9734408590191475,0.7496106614691229,1,1
195,231,134,23,3.141484051441611,0.5446482414658405,2,1
250,457,203,37,4.866371673488977,0.5032627761089545,3,2
69,483,129,9,3.196286469543446,0.7534201478683433,1,0
286,319,238,13,5.351831752255666,0.772824392690113,3,0
97,469,245,29,4.010529789226531,0.8233915422520661,2,0
300,159,271,12,4.260180066322283,0.5410017358638025,3,0
235,387,299,36,3.3682991331317624,0.850625947178763,2,1
319,403,118,28,4.802830647224994,0.7350692296806953,1,1
245,443,215,6,4.296338329395474,0.9828692484993943,2,0
246,384,222,19,4.9872157831020605,0.7694506344988025,1,0
237,465,152,18,2.7392110616896743,0.841855623313523,1,0
195,311,130,8,3.058689223128191,0.7300375905302594,3,0
269,293,136,13,4.343781018123707,0.85410302119471,1,0
233,493,298,31,2.759508925811019,0.9774063906171833,1,1
194,358,221,38,3.6358439662667372,0.9225705170655186,4,2
241,376,186,23,2.606852850505521,0.690313702320738,1,0
110,318,299,34,5.266449035952665,0.775727479783135,2,1
183,429,86,28,5.31945117781966,0.6558660540551364,4,1
295,285,93,39,3.244485686012175,0.6449558522285033,1,2
130,155,247,35,3.9609828154459645,0.5343110033011793,3,2
66,179,285,6,3.905180833348447,0.5096491807851175,4,0
206,491,277,19,3.9463226255708292,0.956640579663176,4,0
76,476,187,18,3.5127540490487226,0.6875639144534345,4,0
122,205,147,32,3.5514392194409417,0.6716565855247294,4,1
65,171,121,35,5.2226056996815515,0.8378078149524512,1,1
79,325,87,30,4.1863292606625055,0.9010239316238459,4,1
133,458,145,7,4.528720134392983,0.7392882124210908,3,0
316,139,246,24,3.508508015736271,0.534009142986372,2,1
217,197,162,36,2.9255254082456683,0.6688059025027847,1,1
164,142,244,12,4.575297024275361,0.5252708613128573,3,0
112,311,184,32,3.053152620266448,0.6507314864459997,1,1
343,473,209,26,4.424102331848994,0.8591289569614615,1,0
186,209,152,23,2.729322200144192,0.7767052198743114,3,1
197,146,296,13,3.6884690327287606,0.9285063637235361,4,0
163,155,275,15,2.6573604766521584,0.9337109475865778,1,0
116,156,294,20,3.6837784782920684,0.6403912792396209,3,0
90,285,236,31,5.345053080888473,0.5437690911503532,3,1
311,230,294,13,3.9420056291217223,0.5841581456924263,1,0
214,286,194,39,4.403276629510007,0.530052440107097,4,2
132,197,292,36,4.494900893596213,0.6292077538380696,1,1
227,119,136,18,5.0326832936130055,0.945757643491095,2,0
190,472,141,30,5.30757169028327,0.6285485461626097,3,1
223,184,151,17,3.417242918098946,0.7214341330303682,3,1
100,407,218,6,2.9736152195138823,0.7098426515959875,3,0
246,307,244,21,2.981259392851764,0.5105743552593364,4,1
332,417,270,25,4.594455820919626,0.7117904834606676,1,1
174,381,256,9,5.474025260384483,0.8475238576173634,1,0
238,383,143,9,3.9286529996121384,0.9809733542695405,3,0
108,324,181,17,4.06688203523667,0.5935476714833868,4,0
90,293,114,38,5.473925278711016,0.8596135301059386,1,1
255,404,195,32,4.465632833436298,0.7878962077617309,1,1
338,228,91,16,4.144821514900862,0.8019123295289073,2,0
169,354,253,35,4.676054189640682,0.5923680585447685,3,2
172,200,241,19,3.2651604739855378,0.60163952323176,3,0
327,211,91,9,3.8613155904010403,0.6878916566461248,3,0
311,190,254,39,4.740110922930006,0.5195468872986105,2,2
115,138,152,32,4.879091921832971,0.8340715862479011,2,1
292,362,299,26,5.01433703025149,0.6949422300892856,4,1
229,225,135,16,5.210395053692918,0.5259332420557957,2,0
265,406,124,35,3.3606085804463808,0.9413825162896746,3,1
115,368,192,30,5.025787476320195,0.5272893604567843,1,1
130,100,288,8,5.399440952121372,0.7776044704544447,2,0
316,318,197,8,4.529488422382757,0.8869771303276801,1,0
112,101,186,21,2.997959056726967,0.6232292254632952,4,0
184,192,217,29,5.031488202124509,0.6748515821265944,4,1
203,178,99,24,2.6790945102261876,0.5542650181985742,3,1
282,237,226,12,4.486525606823857,0.5400050260405,1,0
101,166,157,11,3.3950587604256244,0.8800633973254055,3,0
65,217,261,19,4.4718035411559915,0.8680540219000359,4,0
139,242,199,17,3.0287322484274846,0.5657021622079825,3,0
150,442,223,19,3.0915439796889985,0.8612468436983363,1,0
325,182,83,20,2.668549596306836,0.6219079237967405,1,0
340,206,146,15,2.554090371676402,0.5680944164956492,3,0
198,362,165,39,4.650177137664889,0.6165468450938463,2,1
182,461,167,20,4.546218165788917,0.8527294018336984,2,0
223,353,198,31,3.639159666984332,0.7259733296048265,2,1
347,293,287,34,4.947243809023163,0.8105968495402277,1,1
296,431,292,23,3.12561007810228,0.9015520882349977,1,0
286,489,104,29,4.49418680244992,0.7667345864836941,3,1
205,145,198,22,3.2450688055949914,0.9887913800079928,4,0
218,426,141,9,2.7650211580520754,0.9862116022602385,4,0
268,369,165,14,4.329152373514149,0.6144525887464378,2,0
130,369,219,30,4.763324472701986,0.591421758369578,2,1
267,319,281,36,3.8427904241160666,0.599366422494837,3,2
74,209,198,34,3.3840987704194783,0.5353056054408347,4,1
186,336,95,23,4.461923103103247,0.5883469173791103,2,0
201,276,241,15,2.9509869086911635,0.5724695196233742,3,0
319,263,190,31,3.015005225199391,0.7362517491872712,3,1
71,312,297,27,4.718479361000321,0.7481381243250309,2,0
143,159,95,6,4.938062427385969,0.72477495912964,4,0
133,381,137,11,4.163762259256114,0.7156535961911532,3,0
286,299,201,8,5.352774057162092,0.976845032199632,1,0
114,220,123,10,5.352448638981743,0.6978995949357573,4,0
145,160,262,28,4.299901462028272,0.9640037961891921,3,1
160,311,80,23,5.496568128452062,0.7762239498500625,2,0
125,306,100,25,3.791264470421953,0.6809899632688352,2,0
161,282,196,6,3.303353758193143,0.590352630718349,2,0
173,235,257,13,2.5170879351858098,0.685151090761831,4,0
194,363,123,25,3.3150932819958427,0.561520360493994,3,1
205,457,101,5,4.173684000976626,0.8910504416047902,3,0
210,192,298,29,2.683632594332792,0.9865061562200308,2,1
228,484,297,17,3.5248537684389207,0.7766731124401853,3,0
271,397,297,16,4.847815667253018,0.5185487852288837,4,1
233,203,119,17,4.829041790703155,0.5162184694902503,3,0
183,164,111,14,4.27434802736355,0.9756080152741498,2,0
218,353,105,23,2.611874828603491,0.9332476462194066,3,1
285,353,277,25,4.556481234469743,0.7375869756268416,2,1
292,235,110,33,3.1638182194692814,0.7858972496678851,3,1
325,243,82,25,3.2247832958329044,0.5644705951572493,3,1
165,422,240,24,3.742465900938816,0.5594358631560548,3,1
321,349,195,8,3.1393697843225437,0.9680176956774083,1,0
148,271,116,39,5.313151117702911,0.6084283368310516,2,2
247,249,163,8,3.4652742187750283,0.5783865878932861,4,0
202,404,238,34,3.554265334394015,0.6430728417454652,3,1
100,149,80,15,4.431203456605488,0.8727584640358796,1,0
207,456,234,35,5.093396970186662,0.8823833748070389,4,1
104,305,142,21,3.194704448966373,0.663679184230015,1,0
70,405,235,19,4.277489758856037,0.8345005900188828,3,0
124,348,278,9,4.459643357957791,0.6649409673797462,1,0
118,343,93,30,5.042012265902303,0.7338951066385987,1,1
205,258,270,11,3.446543464166045,0.6561148842899858,1,0
215,322,213,24,3.130348349917591,0.6328165538089107,3,0
213,228,131,10,2.8096097495440766,0.7678948738678175,4,0
225,119,137,13,5.423445914039851,0.9382395687428071,1,0
304,181,192,29,3.643835721399302,0.962940981011878,2,1
313,423,187,36,2.6963930455750895,0.6688579687556742,4,2
245,470,104,24,5.486687296608228,0.732501313151019,1,0
137,288,275,17,4.202120318208128,0.6853517435980552,2,0
310,202,202,9,4.7484265365477905,0.616306531736136,1,0
201,127,136,28,4.516108730679996,0.9830679507209443,3,1
252,186,195,24,3.8265493857476005,0.5389583172910316,2,0
246,309,140,6,4.558107962404602,0.9625771173248681,2,0
249,209,253,13,4.393292212563335,0.8384844285451838,3,0
86,480,202,19,4.502504151044793,0.95853826389743,3,0
250,290,123,7,3.067465228802635,0.8805594769665593,2,0
330,435,223,20,5.420655301717497,0.8700393941359882,2,0
145,460,103,21,2.6476515768986406,0.8869044990234287,4,0
252,347,81,12,4.968556048843285,0.7942194996786066,2,0
229,244,120,37,3.811377226552663,0.9749166692913664,4,1
134,309,227,7,2.853002396102842,0.5423658620982483,4,0
61,412,185,16,3.1345939539334635,0.5272786035855896,2,0
263,211,222,28,4.740185957216966,0.7147882525043066,3,1
83,117,187,32,2.8466515436142363,0.5710959022023527,2,1
260,268,218,23,2.9961709831410834,0.8083372945957433,2,1
328,299,184,5,2.864357347144642,0.8725461302737391,2,0
86,375,232,6,4.84969369396985,0.5282334249005394,3,0
105,223,186,32,3.6225611180163453,0.5104015874978488,3,1
186,390,258,17,3.5055555884171907,0.7958669267812155,4,0
344,321,112,31,5.363433182073936,0.8798267389062964,4,1
345,476,124,25,5.045029354673897,0.9156475105927244,3,0
264,460,206,38,3.8882482299471866,0.6132263785609959,2,2
322,114,113,17,3.3921298785259304,0.5417555293285274,4,0
63,206,124,7,3.6538566761875684,0.6237389434692393,3,0
102,294,213,24,5.480812985283137,0.5402545816819757,4,0
341,318,181,7,4.3452952142659536,0.9451274458839551,3,0
249,260,81,29,2.5872096904554094,0.6373090365028593,1,1
334,309,153,36,4.190108327295634,0.8242390334629799,4,1
160,323,90,26,3.352660656597065,0.6346423128997558,3,1
244,459,169,14,4.6506894828286125,0.7853016532787809,3,0
119,255,191,38,5.312634634027555,0.5965332940573336,3,1
88,331,206,30,2.8788520334817185,0.5985950361969063,4,1
164,118,282,17,4.361321225099089,0.5568003309222865,2,0
299,450,231,32,3.712020307649259,0.8549962643709188,1,1
325,444,226,22,4.309612697859299,0.9482479373631734,3,0
135,187,295,30,4.729405818084091,0.77479924331382,1,1
241,101,198,30,4.770347169740307,0.614128319558472,4,1
197,198,188,29,2.534926956976267,0.5917213622876387,2,1
299,389,167,37,4.937566542866046,0.8783621477650665,1,2
276,118,277,12,5.341508484607935,0.8491520865996067,3,0
187,117,210,13,4.1902203646426335,0.6212174729146667,1,0
166,162,199,39,4.089293247543282,0.8874310161121519,3,2
181,450,254,20,2.7434881021461055,0.9914835684708907,2,0
177,253,110,20,3.4971954193724795,0.7501970041430163,1,0
292,115,260,25,5.358349726426558,0.9599436682021578,4,1
68,186,230,13,4.313617098232612,0.9005581733447565,1,0
275,137,110,24,3.8114508606583213,0.7595980671937392,2,0
341,377,121,19,3.0913016714086687,0.5651958571563052,2,1
232,460,146,34,5.066737088006873,0.777107937816031,2,1
305,314,168,5,3.3812302505936893,0.8792148220291562,2,0
292,422,106,13,2.557076572444198,0.5778543358975814,4,0
306,352,200,23,2.8447953193659,0.667472650453139,4,1
238,316,295,28,3.9297357922834015,0.995238369186655,2,1
132,487,110,31,4.28536773918341,0.9217406312963283,1,0
323,268,217,27,2.826831423326398,0.9541322704902975,4,0
64,137,292,39,5.126633848342076,0.7093664779187108,2,2
157,136,147,5,5.3858569070711395,0.8502458423812043,2,0
130,321,87,16,3.9180524624765103,0.9334402849247181,3,0
107,461,128,11,2.523122332808512,0.5184168383577086,1,0
258,422,280,35,3.717031294803175,0.7179368863990215,2,1
231,159,106,32,2.8462251425324627,0.7845721628881295,1,1
245,212,122,24,3.35629806033144,0.7671981839854571,1,1
195,131,131,33,3.363536376676529,0.9134622560003507,3,1
263,127,100,19,2.6734428255337495,0.6250059092633538,2,0
301,318,87,22,3.2743591082188104,0.9209361256158916,2,0
260,386,217,9,3.5771989982268177,0.847774549010716,4,0
224,181,248,28,3.6324385686883143,0.903865078097307,1,1
341,382,204,12,3.8576155755473915,0.8300812326798583,3,0
159,275,129,12,4.743582272575936,0.7272741359205988,1,0
244,104,161,38,4.09533237922475,0.974134183560472,4,1
294,404,288,19,4.162235624201939,0.59756311967278,1,0
273,111,226,27,3.8475020478466875,0.5206091040203011,1,1
300,207,224,31,3.5926637509842134,0.6314899495204918,3,1
247,456,87,10,5.499344443613193,0.6191327334450443,3,0
147,132,193,35,3.080318231164699,0.6787284252396266,2,2
280,306,224,20,3.9284793695705966,0.5710906148515333,3,1
265,342,120,18,4.168078643617358,0.935770606154381,2,0
342,406,219,23,3.068333287325406,0.5525077463944669,3,1
136,462,242,29,3.245726317821778,0.566066462710633,1,1
85,384,128,26,4.09823974789545,0.5248556720509363,3,1
200,123,232,21,5.393591573423743,0.723631215860429,3,0
192,360,124,36,4.25621361348408,0.5512838073867236,3,2
72,137,194,18,4.188129477061628,0.5911187863128694,4,0
185,240,220,23,4.743512766605288,0.5015326351274098,1,1
114,476,90,29,4.391801596728937,0.6504745958107341,1,1
138,353,297,8,4.6007952823789715,0.5253405907020179,2,0
326,291,180,27,3.6277633313613293,0.9208770622491095,3,1
340,471,293,18,2.8921238703454275,0.8097114062956585,3,1
268,121,186,9,5.229527550092581,0.8258703814351152,1,0
166,404,221,19,5.159128235716874,0.9845982530728536,3,0
122,270,239,6,3.1064289940029433,0.6880333104369374,3,0
275,290,114,35,3.7673730347113064,0.6364529071977443,1,1
348,105,93,24,3.325587685088722,0.6419034646489254,2,1
120,217,178,33,4.640117584181237,0.8814753889704736,1,1
244,258,260,22,4.748277842753705,0.5168841327774969,4,0
199,174,177,30,2.7229425219499688,0.8235221783066211,1,0
66,372,201,35,2.746560037513634,0.7754335670576058,4,1
266,438,106,21,3.374997823121774,0.6691572862205044,2,0
342,185,224,19,3.021616854899784,0.5143956148822171,1,0
306,280,129,37,5.004791883172757,0.5535309684879561,2,2
240,409,90,29,3.2975329183457536,0.951499651646164,2,1
276,222,245,33,2.870379538845142,0.8706793266890176,1,1
149,289,168,6,5.276811248515061,0.8937840813660448,2,0
191,142,112,14,4.841966281743925,0.8781857980294641,3,0
139,273,166,20,2.587613460134963,0.6627876050047149,2,0
251,481,281,35,3.3422047799830104,0.5542571967575372,4,1
156,186,157,7,3.1749208246673204,0.9980560873387048,4,0
283,393,105,33,3.4023605040580494,0.6442442247084865,3,2
169,492,201,26,5.12945059764224,0.8835315219941746,4,1
87,487,211,8,2.6522306488364973,0.9496223574965301,3,0
214,190,199,13,2.67210227261772,0.6417958819305136,2,0
252,127,218,17,3.1974475167953793,0.530638449225668,3,0
112,151,177,15,2.794949894557105,0.6039367286860855,1,0
148,290,216,25,5.280992388667711,0.9771445028464759,2,0
219,330,187,19,5.256031163638992,0.7090422881100644,2,0
327,248,204,8,5.475998032849007,0.7733058280588789,1,0
281,176,90,5,3.151854506838157,0.6346161539265991,4,0
196,213,83,19,2.552042220826275,0.8907585122181647,4,0
306,278,92,6,3.646081371102163,0.6641176140124976,2,0
141,432,161,18,4.6901363108281755,0.6943331606992632,3,0
328,166,202,37,4.151139281962656,0.7841891358148654,1,1
185,411,256,11,4.15509875096021,0.73674304720683,1,0
114,231,248,36,4.42651814268833,0.8782901949809763,1,1
82,373,258,24,4.820644307011047,0.9240576046991223,2,0
265,209,172,16,3.0464153408119214,0.5517288203681106,1,0
85,284,299,14,3.28238445447103,0.925309181110965,2,0
136,274,109,25,3.9960316395645696,0.5226409209741353,1,1
75,323,155,26,4.5174221004835236,0.9197425249204434,2,1
215,302,191,16,4.472920248199021,0.6768924323905868,4,0
324,331,195,34,2.5663791602383337,0.9625605521679996,4,1
169,116,169,29,4.908120034524614,0.7421738673369613,4,1
74,162,276,11,4.534716282527828,0.856179369846588,1,0
299,474,136,14,3.46656103773559,0.7474919136937828,2,0
267,198,213,33,3.6448379299316773,0.8765903465774315,3,1
221,246,98,35,4.678616291066975,0.513275294576919,3,2
163,357,264,25,3.5701417428544624,0.5918196575281742,1,1
191,458,88,26,4.362394940590123,0.939999223015751,2,0
224,306,294,34,3.213874982640043,0.8452651210435628,4,1
239,448,292,31,3.8330426383037524,0.9204592602451338,2,1
339,114,137,20,3.285581574135179,0.6610720363442579,3,0
193,101,181,15,3.6915772519403967,0.6097302315584912,4,0
140,234,257,9,5.0747168557545725,0.5014105049268951,3,0
314,322,85,26,3.9363137660666774,0.5274867835930335,1,1
205,354,90,23,3.960388878877966,0.5971202694398761,3,1
186,124,264,5,4.246299894405277,0.6591741899826472,4,0
290,228,219,18,4.8787895197549345,0.9676005131933305,1,0
61,393,160,25,4.803028306489875,0.5116536437159254,2,0
134,265,286,38,3.8076110396418157,0.6561977635977372,4,1
329,389,81,27,2.7436950440375556,0.6378720802398601,3,1
272,245,123,33,4.918342031865536,0.8260912659619365,3,1
305,239,269,25,2.828110656086874,0.6768903185849471,3,1
92,474,273,29,4.001663704312078,0.9731439461260762,2,1
245,294,161,19,3.8042932640251634,0.9244907566549951,3,0
268,274,129,21,4.3373572597830865,0.9028202012705643,1,0
239,394,115,31,2.5021918644073278,0.8779012412789804,4,1
206,143,109,14,2.912446201683048,0.7712220075242797,4,0
109,386,267,18,2.7303127447680025,0.5122619661100904,2,0
322,142,93,12,3.639594380124429,0.7591101038870426,4,0
245,234,283,17,4.4620121872161205,0.881100140569431,3,0
266,312,253,8,3.909555707806591,0.7620346420817361,4,0
65,143,245,17,3.1292621982137017,0.592015329123874,4,0
107,442,94,36,3.7509275890238776,0.978302475507664,1,1
122,387,104,11,3.403405232389105,0.6320736890477564,2,0
85,341,121,25,3.9658445666364806,0.6585939594003762,4,0
64,309,175,34,4.220371047348039,0.8820154328476983,1,1
196,311,137,15,3.838891749644744,0.5480461334648772,1,0
263,169,126,22,3.986680154970799,0.742187412115449,2,1
233,214,243,28,4.652122916370994,0.5874401777094576,3,1
91,229,166,36,3.9665541337523638,0.8590951908986406,1,1
63,475,240,39,5.228672888040332,0.5802508659319041,2,2
60,469,178,11,3.0053020663410908,0.9239095820373739,4,0
95,484,100,33,3.5811127341948756,0.9642552317763666,3,1
292,284,293,17,3.1263493795142727,0.9152936793243027,2,0
341,163,185,12,4.422374859293158,0.5705066782530088,4,0
174,453,190,21,3.907507857603356,0.8161279387841036,4,0
121,319,129,16,2.8309004567381875,0.8091425670813384,1,0
101,257,137,11,3.8416429042416604,0.8255665268519368,1,0
149,457,232,10,3.0584283225147724,0.6170863550755685,1,0
232,165,260,31,2.6536847877170233,0.5040446137893706,1,1
337,146,222,27,4.334135975712951,0.5479140393640048,1,1
180,154,280,13,2.775765432477279,0.752836080451669,2,0
188,120,158,18,4.8982461729702615,0.6186552401741812,1,0
318,354,241,37,5.349254414131831,0.6615665569561324,4,1
123,325,147,8,3.845363463620697,0.571481740483874,4,0
269,187,254,15,4.773485330270754,0.8999853587660676,2,0
300,227,233,25,2.783877811702824,0.519049887820972,1,1
143,473,216,20,2.8494174032061355,0.9556687930582981,2,0
223,439,204,21,5.041193904553905,0.5547802320372439,3,0
91,239,283,15,3.917188988413674,0.9943833517271783,1,0
162,416,104,14,3.775490735931455,0.5251443717514273,1,0
264,243,192,9,3.1442205512907413,0.6398823781619914,4,0
297,323,263,21,3.054934038873368,0.8499732173560706,4,1
250,337,261,12,3.439321245668866,0.8363690393479659,2,0
120,220,149,27,3.4750099980576286,0.9558345628788767,4,0
213,196,105,15,3.472230532221973,0.5985168847059157,3,0
93,164,143,29,5.185570810511669,0.8372940192588751,1,0
90,369,246,21,4.384953733365595,0.5860761816047189,2,0
338,354,206,18,3.919886516715581,0.8999648735606505,1,0
308,188,156,15,5.382582726745502,0.9380752808468726,3,0
269,274,166,28,3.674183314286852,0.9073587272359449,2,0
117,172,265,5,3.3691063701050004,0.5107549029818163,3,0
112,183,89,21,2.802929948937536,0.7412264390342111,3,0
138,448,109,7,2.8844734024334215,0.7305781370877993,1,0
244,269,245,28,4.897640036666069,0.5669824984802428,1,1
265,181,149,34,4.452919951515849,0.7019303747326342,3,1
160,312,275,26,3.3561965603199644,0.6816570497013035,1,0
107,296,128,10,4.482778708023134,0.8906707868066601,2,0
90,343,198,7,3.0645733279217735,0.7943581160301347,2,0
288,264,146,26,3.2337404422797693,0.5031516297998789,2,1
286,487,229,21,4.72539145239012,0.6315852766347847,4,1
185,255,106,28,4.629706645857311,0.9266605016991515,4,1
158,375,287,30,5.270486362822245,0.8184227963973163,4,1
263,329,287,5,2.9516620622181096,0.6282233774151604,4,0
301,471,295,15,4.087900425299616,0.8244982098927169,1,0
140,278,96,33,4.954465271050825,0.7807519045759903,1,1
205,258,271,30,3.776357385559805,0.8801968102761775,4,1
327,354,219,26,4.573638905806517,0.976468227090912,3,1
138,455,286,35,2.711392749099548,0.9708139673671617,3,1
249,206,298,7,2.789795154016534,0.9226633112532299,1,0
183,317,158,39,4.758941364584763,0.8310857648711284,4,1
230,154,111,21,3.8883451835553964,0.9464477451317252,1,0
271,136,211,29,2.7025288988370555,0.6565962315095295,2,1
191,128,217,20,3.704482535855631,0.9855647692758855,4,0
208,418,296,17,2.9191193431997666,0.6270507782969363,4,0
316,351,201,28,2.804281081473401,0.9272616670331351,4,0
232,406,257,15,2.6604126062538143,0.5706626784453424,1,0
303,439,164,17,3.4378946720066605,0.5993983774262781,1,0
328,168,210,32,3.1985783892151467,0.9879585725009055,1,1
262,279,190,16,3.2803760428565587,0.6194302895869158,4,0
191,321,180,38,5.096533740791992,0.8700054710030042,1,2
67,425,132,33,3.8608326228463583,0.983849434391474,3,1
192,434,177,25,3.717594577596306,0.7445992412563787,3,1
226,384,181,36,4.125551537194934,0.6757852511994584,1,1
302,107,295,21,4.442758794754056,0.8501161681249878,4,0
100,446,287,18,4.835384485619064,0.7220894410778667,2,0
298,468,254,16,3.5283520213388186,0.5484801548218017,4,0
296,242,294,11,5.195136677683894,0.7361419881038327,2,0
255,220,270,7,3.503213558462633,0.522454753047166,1,0
88,322,237,14,4.333141854381343,0.9084824977179924,2,0
67,174,221,6,2.9853542859567366,0.5521865446849362,1,0
279,218,250,25,3.7899810861745906,0.6505925635139074,3,0
244,150,135,17,3.6231679895569036,0.6108746456626226,4,0
221,291,152,22,4.544711511186655,0.9223701521107315,2,0
264,147,248,34,4.784917206524488,0.9135501981118268,2,1
142,257,201,36,5.346620932917457,0.9912821156565919,3,1
338,246,197,12,3.804839820714347,0.7949566965484545,2,0
287,146,93,26,3.896699876075252,0.8526010648305444,3,0
257,478,150,27,4.893919285173343,0.9994126521459041,3,1
116,178,289,27,4.495909206153165,0.7910655377088336,1,1
276,212,295,8,2.7669187349510054,0.5407455247637227,3,0
167,340,216,39,2.588321385781675,0.9886143417491704,1,1
247,490,174,20,4.736983585448521,0.8009532771503867,4,0
220,200,195,22,3.2822811915061703,0.5290467447437931,4,0
74,373,148,20,3.0495582288110916,0.9347620934873968,3,0
253,191,204,34,2.734572777816874,0.7235614319163901,4,1
283,224,295,17,3.369869213597904,0.6653982469315471,1,1
122,191,125,14,4.145513350048519,0.7797298610236991,1,0
165,426,202,36,2.8039802052976186,0.9376774236663883,4,1
129,391,87,17,5.104799132285115,0.5258453868566252,4,0
317,256,230,31,3.23650195515867,0.6830085607347717,2,1
308,159,224,33,4.0603999391517425,0.5525360123514754,1,1
189,149,285,35,3.685738734816341,0.8125625689675618,2,1
70,231,233,9,3.8760920331918354,0.6682840913699732,2,0
121,442,250,8,3.570505420982615,0.515995080002609,4,0
100,316,120,25,2.675206309773521,0.9182367233159658,1,0
332,399,115,39,4.228587367856074,0.8011904705291657,1,1
295,101,205,19,4.5953992766855,0.5855576698573497,1,1
78,473,291,11,2.607923351760173,0.841494960699084,3,0
280,124,226,6,2.6434909630736456,0.5862013966306028,3,0
149,214,213,18,2.8959236758936866,0.9773680795056933,1,1
114,443,133,11,3.6154293269459052,0.5576772890861417,4,0
186,319,110,6,2.8580249586655633,0.6612711415913994,4,0
315,449,222,20,3.284112623718729,0.88791233163803,3,0
251,302,187,24,3.2079714673960864,0.9462169241240115,1,0
232,177,272,8,5.44626498225787,0.7856161433442663,4,0
288,249,197,18,2.7909953919574333,0.956752670770407,1,0
150,222,139,5,3.2103501841071855,0.8907811841481632,2,0
283,219,276,33,3.085530645606145,0.5056177129283748,4,2
268,111,194,19,4.841477230980873,0.7021541046298556,1,0
257,242,89,12,4.913352108544972,0.8998243651383198,1,0
284,496,123,25,3.611521242815786,0.5198164091503527,2,1
183,235,299,15,2.990915653512011,0.6970733455338076,1,0
139,191,285,18,3.234035482636472,0.6278725948498337,3,0
175,471,298,11,4.982463159671196,0.6344098452469615,1,0
207,450,220,28,4.450032034865114,0.7312254430859839,3,1
222,132,224,34,2.5705255048764037,0.8473563225904317,2,1
188,478,132,29,5.0028442423046435,0.6541384000589623,4,0
97,288,269,27,3.3288472440913455,0.950012269992309,3,0
261,226,107,20,3.3593525781050597,0.7627150139929133,3,1
193,324,151,13,3.1061816269970053,0.5120646204166834,1,0
221,290,110,35,4.46661083200091,0.9178137957515726,3,1
183,304,220,29,4.248306839568259,0.5134399882432835,4,1
85,405,224,5,4.848406547101742,0.6064851278902552,4,0
65,281,281,19,3.2390212604885593,0.7905486181900492,4,0
71,297,152,15,5.326391847971249,0.6296966361337459,3,0
309,126,202,37,3.8632225625594403,0.7721218885904952,3,2
98,448,112,13,5.3328321029825805,0.8683529963813146,1,0
80,145,253,19,4.665056937760426,0.9333527408348257,2,0
309,178,272,39,2.9393922205440717,0.7668988629758935,2,2
336,425,128,22,3.596401514585184,0.6158914235999791,1,1
190,218,178,34,3.0251845881409576,0.8221266754067511,3,1
85,355,116,36,4.818083129935088,0.8459241968784807,3,1
330,365,127,38,3.7523470545678674,0.872395844570905,2,1
83,188,277,22,5.195382767569689,0.6919209975048077,1,0
187,480,287,34,3.0678328347733506,0.8385647703301289,1,1
209,330,199,25,4.553615118492547,0.9392797048975359,2,0
113,338,177,20,3.7249794993058116,0.9104800673285545,4,0
137,194,230,35,4.105192246072519,0.5757546642856087,3,1
203,161,111,36,4.0159334950010495,0.5400803927569717,2,1
188,463,80,9,3.3098329504701507,0.5459107515680783,1,0
83,315,118,27,2.6777717866248407,0.824014748504622,2,1
244,336,116,29,4.289103722414344,0.543201596109691,4,1
118,197,128,23,4.744807851056729,0.6486363151281211,1,0
216,341,211,33,2.970807046119559,0.9147765342249666,3,1
137,251,274,25,3.5945505991219617,0.7071193573459189,1,1
301,123,194,5,4.964567880177949,0.5274550629118586,2,0
99,351,101,30,4.140062151301535,0.7708559171476023,4,1
286,480,272,10,3.7146216189327497,0.7050344816688277,2,0
293,373,154,21,3.5837992609994607,0.9731487836834438,4,0
294,173,211,33,3.9912970537432404,0.870859177274127,4,1
252,227,209,31,3.12729873466576,0.618376509123126,3,1
338,302,105,31,3.51661735792538,0.501196839721274,3,1
138,233,254,39,4.345264686702301,0.8173446762979102,2,2
311,163,116,27,4.673525887829952,0.9432493424115235,4,1
289,398,237,28,2.511072007842821,0.8047844213602215,3,1
149,435,114,10,2.5502236786073142,0.7707332316297907,3,0
227,407,181,38,5.091283737772777,0.9621847284313552,2,1
215,391,202,9,4.1301808942345835,0.7221534196310306,4,0
92,384,265,39,4.5122140175000665,0.6361400066464009,4,2
339,409,210,21,2.7101170423110297,0.9374019525817017,2,0
326,103,229,21,4.0794061216298285,0.7430018069882749,3,0
330,357,134,33,3.454390769349481,0.5637400183503699,2,1
144,115,175,35,3.903848060436276,0.7120998916070396,3,1
107,412,238,10,3.570282156833424,0.5495743478586341,3,0
106,147,129,37,3.1930452301036216,0.9232638798040975,4,1
319,363,123,39,4.172984233044275,0.6187042599908037,3,2
119,150,94,29,3.601348884907528,0.8773364902123094,1,1
164,374,105,39,4.957729327699096,0.7736353664181348,1,1
340,197,153,37,3.026568983879167,0.9459578658793892,4,2
128,251,222,5,4.479197770179411,0.6028495404169214,2,0
288,183,229,12,3.6235386823471254,0.9665085013806314,2,0
205,107,248,9,4.941008971224377,0.8091149258955275,1,0
266,193,233,28,5.347967300698524,0.8442740713246153,1,1
333,145,133,36,3.3194290965610493,0.8857800060536087,1,1
66,474,285,39,3.1310419569975148,0.5400677540507361,1,2
193,130,154,12,3.592362086628632,0.8487248391795936,3,0
237,323,185,10,4.030392062706856,0.8646965849291082,4,0
122,309,288,18,3.9470997463691733,0.5846319088852155,4,0
123,136,215,30,3.179203321571516,0.8743370159297043,4,0
93,126,223,6,3.1350015875633797,0.5155054919506397,4,0
307,195,133,38,5.0449669837666935,0.5333307809526269,4,2
294,285,181,20,3.2382282834634664,0.8868523599313289,1,0
162,123,128,7,2.939637405609649,0.5513750573518734,2,0
345,324,83,32,4.3601765220536794,0.6335844227273837,3,1
70,192,275,29,4.189883338088794,0.8025714356951168,4,1
136,346,152,36,3.6483072704009216,0.8547024016808169,2,1
66,363,196,25,3.813174072134311,0.7735941067606846,1,0
65,462,126,31,4.260853408554224,0.5946985876154063,1,1
276,431,150,11,3.4251168465441313,0.5160166352917883,4,0
312,193,126,21,4.36642500616651,0.8850253665536607,1,0
186,125,181,6,3.165758447471779,0.7413287967718007,2,0
263,290,138,18,2.8280191786256794,0.5307495936269635,4,0
155,323,120,38,4.645245590493195,0.5816413228715727,1,1
176,291,280,37,3.3287804836475923,0.8772563132851638,2,1
299,267,110,30,3.552441182247895,0.8516452811059987,2,1
68,141,102,19,2.8709320843045316,0.9392770444619151,3,0
324,216,157,11,4.192298482580993,0.5062226879810187,4,0
276,326,242,8,5.2412405116022285,0.7511707218758286,2,0
151,454,165,15,2.7172069324456434,0.9694209947428848,2,0
171,227,172,28,2.567326111835917,0.7931068368065395,2,1
257,110,179,21,2.8877087627020464,0.8261093935490904,3,1
314,171,245,15,2.5747093267226155,0.6713371948970092,4,0
285,355,197,17,5.349784299887917,0.5863132165147824,1,1
217,140,88,15,3.658510319327846,0.7349519937274496,2,0
211,154,207,38,2.5761479523253468,0.7782642212578369,4,2
266,256,275,37,4.628270596865806,0.5700607673327046,1,2
200,294,294,10,3.2308923223394617,0.9354801955109858,4,0
279,482,183,27,3.9997094509506295,0.6289490830627934,3,1
201,481,151,27,4.487147138443764,0.9712814664770064,2,1
191,244,223,14,3.6544566221753527,0.7901676124795473,1,0
308,264,82,29,2.8358477372549578,0.9793247932206472,2,1
320,198,87,18,5.322251660887689,0.69141427845824,2,0
291,289,168,10,3.4154111122125794,0.899412320325663,4,0
242,379,104,15,2.924584516220164,0.8151404612562825,1,0
323,166,296,7,4.964156568542615,0.7327182963034331,3,0
223,110,152,25,2.6466358634720653,0.6900433981951231,2,1
184,152,80,23,4.147743969866216,0.5127255897121183,4,0
106,189,234,5,2.9968266456020403,0.548463299867248,1,0
107,457,118,9,5.435057194191742,0.5251937118076198,4,0
256,330,198,34,2.763395425009685,0.7149317030346777,1,1
304,395,280,7,2.5044899026909047,0.9931498309987041,2,0
77,378,235,29,2.5748654249246092,0.8384198099334836,3,1
113,358,146,27,2.7214345709800045,0.636236236605427,4,1
77,257,271,30,3.4012572157561483,0.7429395008853259,1,1
327,436,209,33,4.616568441861059,0.8958474770013098,2,1
117,226,231,12,3.3516702206127684,0.8216060661920319,4,0
324,328,247,37,4.429574523623549,0.7181364830893113,2,2
288,208,153,22,2.8251977645574398,0.5343059345549281,2,1
105,310,84,5,3.7297758907618705,0.9021705959959756,3,0
134,413,181,6,2.5508448293133963,0.8442858061724932,4,0
335,487,286,7,3.0018704675003316,0.6453238740087353,3,0
241,306,125,26,3.333532670952464,0.7260353104790898,1,1
311,189,201,32,3.902246862134341,0.9198452964115629,3,1
75,237,116,37,2.6163662869567332,0.667897928289305,3,1
64,329,202,11,5.450155949143414,0.8082457945514236,2,0
126,300,283,5,4.308407091515989,0.7477677151583138,3,0
210,365,112,28,4.061366212166082,0.7067063272447618,4,1
91,499,253,23,5.2203283980738435,0.543708378611815,2,0
251,137,237,19,2.976366133772806,0.6685888373394154,1,0
163,272,221,15,4.938767131219141,0.5049277183978695,2,0
266,160,232,7,4.404444119529935,0.9418170865925367,2,0
255,267,186,16,4.075434347908381,0.7819513598506601,2,0
157,417,262,29,5.473301788338935,0.6999505950953031,2,1
286,414,109,32,3.4406091319882073,0.7287951935782266,4,1
146,199,141,22,3.408048041273929,0.7200969163104466,4,1
316,142,289,20,2.569548062684956,0.5391840778741712,3,0
163,492,207,35,2.9401237933892492,0.6633638440057514,2,1
88,207,210,18,3.644797265334907,0.9626285389369933,2,0
220,451,205,23,3.9552003704730985,0.8781341897341169,1,0
256,226,294,27,3.8348528479185484,0.8390745555960772,3,1
207,144,257,26,2.9317805508569847,0.7648569888587295,2,1
95,439,132,27,3.1359841402740423,0.7601584991501228,3,1
234,106,84,37,3.1040773080971857,0.5568553982581254,4,2
158,209,201,27,3.604114421661996,0.7004681216024526,1,1
211,467,99,7,3.493458624846576,0.5375252174902114,3,0
222,321,190,17,3.6778340488716212,0.9583519725093476,2,0
289,291,155,39,4.273227798205949,0.5236305907026645,1,2
122,127,83,9,5.230350737373698,0.5334460705241733,1,0
313,146,131,38,5.368490300803607,0.5838199370394529,3,2
157,273,99,16,3.1094779593134603,0.5224523223622121,3,0
137,210,291,8,5.4965812982788735,0.7380203521014831,4,0
70,181,278,9,3.1571224987962254,0.8944481757216947,2,0
172,439,123,24,4.246265578120351,0.9206071444450785,2,0
272,236,258,13,5.446525965918687,0.7572005824183812,2,0
73,147,81,30,5.352547827351241,0.704911985126434,1,1
272,426,157,35,3.747950733804385,0.7255661282214706,2,1
120,189,119,37,5.345674285198743,0.7383177060617101,1,1
135,471,284,31,4.68757694892699,0.8739184563970592,4,1
182,311,296,16,2.588321182508774,0.8911242367154807,1,0
181,143,282,30,4.153650831690394,0.9642002853384606,2,1
287,176,106,16,3.6336083481018613,0.9915618389721442,4,0
303,274,207,37,4.704064904342594,0.555152337656637,4,1
201,478,108,19,3.792271475504047,0.7227405387598785,4,0
252,400,108,18,4.560353375383269,0.9236847318496995,4,0
162,316,296,18,3.614797507151669,0.5771247814818699,2,0
232,365,284,25,5.007682688680708,0.9064157108249395,1,1
191,349,260,12,3.317418050825027,0.953379438814516,3,0
147,398,215,21,4.091241263337202,0.7244815574517224,4,0
268,259,274,18,4.99959631764408,0.8638507365649403,1,0
136,426,205,21,2.6074063766617823,0.6596188390616345,4,0
86,203,264,14,3.85021767958666,0.8166331814485852,2,0
150,318,95,9,4.658160533233577,0.663919963081279,4,0
343,216,161,17,4.176452537322069,0.9166683377248308,1,0
169,454,252,32,4.135396049897561,0.536864264879721,3,1
247,266,124,9,4.57593712196115,0.7737865137890405,1,0
214,304,157,35,3.002444636212352,0.7171927684803738,3,1
299,158,296,16,3.989652978314343,0.5020728556904918,2,0
121,126,137,17,3.729990487422991,0.5665026973799502,1,0
235,178,135,18,5.343446020092791,0.7202414904576404,3,0
172,131,152,38,3.4254212792884315,0.8706035500912749,1,1
286,288,87,7,2.6037664064426553,0.7973340100400899,2,0
145,314,271,32,3.197454474115789,0.6656914666680996,2,1
340,199,279,37,4.255170213289102,0.8307406243103113,4,1
195,178,204,23,4.591091602082284,0.5719098848385893,2,1
260,428,279,38,4.303441142808294,0.9405469471522989,1,1
126,259,106,30,2.7626799441912695,0.6863610382551179,4,1
301,478,277,16,4.502466421022909,0.7387648550578754,4,0
237,374,143,31,3.9946259055962603,0.6257599614503441,2,1
168,131,285,20,4.238266214521029,0.7952261951290875,4,0
264,423,169,31,2.5523797475651553,0.778896043592594,3,1
135,483,278,14,2.7442794552343504,0.5351728858141667,1,0
109,347,267,21,4.4250688340454065,0.7922742182911704,4,0
62,499,205,37,4.146052077733129,0.8696031215386626,3,1
163,159,113,7,4.310466134877183,0.8910270220926406,3,0
301,337,114,25,4.61141754705629,0.888987854686194,2,1
156,335,127,17,5.178107575535018,0.5117409416071849,2,0
229,421,198,31,3.0671162367167764,0.5201468621296095,3,1
177,470,297,24,4.621228597796609,0.7885867534784964,3,1
243,391,119,25,2.997429411677362,0.6312520967765433,3,0
77,373,107,9,2.9035677603664447,0.6017121637187983,1,0
238,202,240,11,3.8083377584516294,0.572098332124761,4,0
270,484,279,8,4.88488347987084,0.6521066205122028,1,0
234,454,114,12,4.540474859061948,0.6354626501862428,1,0
71,158,188,29,4.727377971922409,0.6882635037806362,2,1
113,167,174,14,2.706118474454325,0.8896554502144844,1,0
330,429,239,28,3.2694851666164313,0.9242595453572181,3,1
95,345,113,39,4.1145549828918275,0.5994085451485691,4,1
160,484,101,13,4.790892800466063,0.7274838363386995,1,0
91,278,135,20,3.223416695278565,0.8522246619867034,3,0
207,286,288,24,5.345815655636461,0.7402172296748575,4,0
102,106,131,19,2.8473054920425893,0.8657770583166913,1,0
288,111,134,24,5.2229743431450775,0.8661477306793823,4,1
97,196,200,24,4.8507584581128,0.7698042011711549,4,0
77,215,140,18,3.5769925635188358,0.6810384332925187,1,0
287,102,195,36,4.074038472306272,0.6682688356822111,3,2
218,300,123,23,4.74798195285706,0.6777948914403535,2,0
261,283,180,7,5.430283664924474,0.6291844029628726,4,0
247,113,83,36,4.934552836521182,0.7296263687628047,3,2
287,241,194,34,4.251544110580019,0.7847557032606374,2,1
349,400,95,17,3.035666143522469,0.6034299559294481,2,0
237,257,188,24,5.3909004598184875,0.5681889671660707,1,0
233,271,205,27,4.198892827634153,0.5189652142518295,3,1
229,260,144,17,3.2246192194673493,0.6588622229452044,1,0
229,299,130,11,3.5298312925914046,0.9933311807921992,4,0
174,139,111,29,3.345715920650218,0.9696107619036689,3,1
328,397,159,31,5.1653943432563985,0.6790421985417328,3,1
70,273,113,30,2.8438158163918508,0.5853032700292407,2,1
287,284,177,7,4.8536443065958546,0.7402157416608057,2,0
92,139,212,26,4.001539393002919,0.7465102699180718,4,0
313,150,296,8,3.683225128872004,0.9940302773299925,1,0
260,191,186,39,4.756201899946458,0.8849483645923882,3,1
67,192,187,11,4.79783493789127,0.7620140090323215,1,0
94,108,276,22,4.85713631172116,0.8497736950577695,1,0
152,160,217,21,2.8188857049246283,0.8260734290783794,4,0
170,204,248,9,4.3352732525555995,0.7214739474946124,3,0
308,397,251,7,3.3998501970187553,0.7386387224566804,4,0
138,244,226,15,4.143577446708791,0.598116107364851,3,0
307,146,190,12,3.162427372525216,0.9604433402794104,2,0
272,164,112,35,5.233182296897617,0.5784493783211507,2,1
196,344,286,7,3.718166602952407,0.6978071378230388,4,0
66,375,189,18,4.27811792907535,0.8808439991002612,1,0
224,428,148,18,2.5645587817946347,0.8959566274771192,1,0
318,337,115,5,4.299588213158774,0.6140025252154746,4,0
261,489,190,6,2.618319786687602,0.6245070853985385,3,0
65,217,231,29,4.0020195772559815,0.6905719706275364,3,1
233,221,155,34,5.252154199335993,0.7313130061869499,2,1
178,126,112,21,3.3173451845916597,0.9323653597060665,4,0
220,261,299,18,5.248461243753493,0.5957728957169197,1,0
348,450,80,25,3.391793671809849,0.676340843572399,4,0
150,347,110,11,5.236328261730326,0.7056064721304971,2,0
117,168,187,37,4.999793936089436,0.7811831110328462,1,1
198,191,279,32,5.132638460106062,0.5213034679335466,3,1
306,156,103,15,3.837218523020702,0.9997070201237779,3,0
248,145,122,39,2.9700902446969004,0.7767776523646359,2,2
311,371,171,6,2.509226819348675,0.9395952748926668,2,0
271,139,166,22,2.8294610425097133,0.7108932841910616,3,1
337,497,206,13,5.216902313934493,0.7621354170744725,4,0
190,198,129,11,3.7767344660261357,0.5842717898799823,1,0
289,227,270,7,2.986221862082502,0.7899948252130605,1,0
349,108,160,31,5.324942353511424,0.7297284749082741,2,1
153,350,168,33,4.830794607576568,0.9829705907852403,2,1
156,450,213,39,3.7796019532884686,0.7512988698980808,2,2
299,402,200,15,4.002061809674455,0.6407947594606409,3,0
95,121,139,16,3.3006318292169823,0.7500168431115873,4,0
150,151,248,16,5.270408848526165,0.9777860913957053,2,0
90,339,169,36,4.420936163929304,0.702266023665082,4,1
348,235,220,18,3.2102328291016535,0.7913487200714734,1,0
268,105,160,33,4.551602535385662,0.5014615318492635,1,1
93,407,156,38,4.597255193998761,0.8164130914732832,4,1
72,376,232,12,3.5653949108069365,0.9399094650276265,4,0
206,237,237,24,3.648621835473907,0.6875582433191563,4,0
304,299,133,27,2.7428630157056744,0.6418171847067407,1,0
307,344,96,36,3.085570388751021,0.9487747786888995,2,1
125,168,243,28,4.75804515277523,0.8191231545905373,3,1
96,430,129,34,3.032528138141886,0.9292871236122778,2,0
315,169,272,37,4.651473415649333,0.8849320718060463,2,1
259,170,107,8,4.793721026232264,0.5594650671288299,4,0
176,147,240,7,5.411294437363367,0.7214757098687063,4,0
93,122,168,34,5.044780320436384,0.8046085867840158,1,1
314,297,236,36,3.806347081783388,0.6711800467018407,3,2
309,469,102,9,4.3954982896834895,0.9671195258453034,1,0
152,164,162,10,5.251321180040808,0.9207379155915136,4,0
315,112,168,34,5.321832280982269,0.9994317757613141,4,1
118,163,224,34,5.329376276252502,0.5630127082261441,3,1
244,362,208,21,5.414956655444385,0.7722681953274447,1,0
104,286,140,18,4.043623513104373,0.635531311884173,1,0
164,150,125,25,4.578501955266688,0.7516621039614373,3,1
109,498,275,19,5.478928793384116,0.8928404924743399,2,0
206,111,108,23,5.131886265864738,0.8491889334614415,2,1
135,145,169,10,2.8777551457642763,0.5421686376741773,3,0
110,438,238,11,4.495925656853831,0.700696411529592,3,0
155,311,285,18,3.9997894092689874,0.5637977003317776,3,1
109,171,195,23,3.2137089922494613,0.8230766699583749,3,0
304,465,174,22,4.946299986010942,0.8831938609452794,3,0
144,215,213,14,3.900960642253162,0.8645561312298131,1,0
77,476,85,9,5.16480688132728,0.8597485421066462,4,0
141,234,260,17,4.807149541116291,0.5887618992130719,1,0
173,418,165,22,4.2526545223567265,0.8450737611711243,1,1
237,440,90,33,3.5789153914925684,0.7528108933165848,3,1
77,377,294,9,5.0988743290874226,0.6357891314429848,3,0
293,226,150,11,4.231198867478599,0.6696691248154576,3,0
316,402,289,33,4.169412176960528,0.8862714125822677,1,1
78,153,230,8,5.253290685947061,0.5605000525648041,1,0
240,184,169,24,2.70842630891571,0.8525330914870364,4,0
344,240,94,15,4.490412672153042,0.9422029658585676,3,0
307,357,291,10,4.5543851047460535,0.7531691476044662,3,0
179,342,148,5,4.68698978898278,0.7294536027338906,4,0
81,404,119,23,5.112037791346699,0.6524947281871744,3,1
240,327,269,22,2.645199720516454,0.7945145864046743,1,1
139,481,112,19,2.721153154265122,0.7412415564373473,2,0
86,338,129,20,3.2558048457577837,0.740098883974693,1,0
343,354,178,26,3.1887734169749935,0.7522507804401839,2,1
112,170,215,31,4.752569652519481,0.546719696810124,3,1
162,228,172,22,3.638833868606733,0.6520537628333352,4,0
72,148,260,21,4.566673515548999,0.8143270547822691,1,0
308,160,213,28,4.643445243388706,0.6179397446265007,2,1
170,297,256,36,5.191856806372338,0.5772989033306285,2,2
270,352,168,8,5.2718731875218285,0.6236292514784588,1,0
349,496,176,31,2.8990901320620734,0.9609185373395362,3,1
162,159,285,6,5.443983967669286,0.7229870052022938,1,0
273,383,274,7,3.657866417517686,0.7763659293648599,3,0
76,237,182,17,5.2568018905846685,0.6515795069272308,1,0
264,323,122,10,2.711529888499731,0.7928424420941864,3,0
92,448,169,32,3.6075409258083053,0.9461368923998448,1,1
308,218,294,29,3.5238749746232125,0.6715096211309551,4,1
323,155,120,24,4.055145562422234,0.5899226338071462,1,1
206,231,248,10,5.012457352821508,0.7184785807707783,2,0
155,216,286,33,4.885210975162251,0.988000161901017,4,1
81,495,153,34,3.0225636143169243,0.8268106691565575,2,1
132,315,160,29,5.10686929430477,0.5962780755388464,3,1
116,257,85,29,4.451436780404567,0.5825812537176881,3,1
116,467,102,37,4.371436472451382,0.5484388745607238,4,2
198,225,208,18,2.544591493392463,0.6050152883021193,3,0
98,328,199,20,3.1171649657721403,0.783914787112453,4,0
96,349,201,26,4.805314933564231,0.8424269514029907,4,0
277,328,296,23,3.057118465788742,0.827107926995321,1,0
203,131,272,20,3.506147140859083,0.8613815517792706,2,0
202,235,144,22,4.861465850850654,0.623111278102412,2,1
335,456,118,38,4.798020217991102,0.6568326946852305,3,2
250,198,223,23,5.34670202369553,0.6744401155739761,2,1
238,311,266,14,2.7730039004744516,0.7465751810833798,3,0
63,147,252,28,4.764533825560312,0.5567548231044437,4,1
204,116,253,29,2.9018210512524485,0.6895890351982531,4,1
298,301,223,37,3.6730942882002875,0.8803791772045796,4,2
229,242,167,19,4.526822908868272,0.7991785185549579,3,0
196,350,234,11,2.7693055119771923,0.8504310216785848,3,0
345,433,141,37,3.2828119205276645,0.6862842879599907,3,1
254,474,109,31,4.343504039889729,0.8171569205401887,2,1
110,474,191,27,5.103711091746854,0.7786497492697018,1,0
191,102,108,11,5.06519429223798,0.789822128320098,1,0
129,159,269,38,2.8995400942968366,0.9752313576512756,2,1
142,149,121,27,3.1358230282009236,0.9884492646080603,4,0
133,374,181,27,2.597030133791138,0.9365331088720865,2,0
203,412,168,18,3.6672734627086045,0.6363376316750964,2,0
82,272,86,10,5.073254546366853,0.7481839328706092,2,0
273,211,207,31,3.0169115500260477,0.9771521424117556,2,1
190,145,93,34,2.9006649084699787,0.6474952888356014,3,1
300,215,193,35,4.322470540974408,0.9418509617149942,1,1
208,131,164,18,4.905232787720389,0.7857475029998247,3,0
101,103,206,11,3.4122553633643204,0.9782190418028265,2,0
92,302,234,8,3.930684895163011,0.7514961509158342,4,0
273,225,154,33,3.608165236931576,0.9973150866627973,2,1
293,332,234,13,2.8589191231455473,0.973737340482097,3,0
315,239,269,19,3.433902382445286,0.6874678512816754,2,0
87,357,143,21,4.263691617842037,0.7485427713747275,1,0
272,157,262,19,3.1483275501712105,0.6094078141226076,1,0
72,359,254,15,2.6987437564179366,0.942129350987662,4,0
214,256,248,9,3.332354515817399,0.887619922813528,1,0
234,398,155,24,3.2795420740672094,0.6524764096005904,2,0
252,310,267,39,3.667858478823006,0.5837263145165451,3,2
226,360,192,8,2.923469720062137,0.6578882769706453,2,0
215,489,286,11,4.882579264673842,0.6903353836728373,3,0
81,173,262,11,3.1887338317458847,0.9544300707987718,4,0
307,225,147,15,4.47874840244873,0.5633713300652927,1,0
300,372,140,36,4.512760495009106,0.9375487901122568,1,1
150,313,194,9,3.337891071582923,0.7969032492442816,4,0
322,180,248,25,4.023308015410516,0.7718044294784611,1,1
95,316,139,28,4.137361483364767,0.7991147401991504,2,1
78,192,253,38,5.06494952533486,0.7605522781564249,1,1
246,452,289,27,4.934312455309159,0.7716868025380439,4,1
167,147,137,30,4.38638618642574,0.7149118705535974,4,1
239,468,253,29,4.463319695377354,0.9532216639301498,4,0
154,472,171,19,3.809950023160789,0.8314670700667222,4,0
307,246,184,17,3.2522004947093883,0.5008285488337021,1,0
214,205,95,11,2.8712473614096305,0.9371865262281758,3,0
117,418,103,32,2.6695386397439256,0.6798622393406284,4,1
322,195,165,13,5.204367426972924,0.7611771800640044,4,0
324,402,292,15,2.8439808521762586,0.6890501504244251,2,0
208,222,173,13,2.991590718371874,0.6673457158860464,1,0
116,376,163,24,2.9005829781838632,0.5470033691851823,4,0
263,244,234,8,4.111580408633273,0.6779541527492696,2,0
114,261,185,8,2.8721548581713283,0.619691559822063,2,0
207,283,292,26,3.065298971203207,0.7829371082240262,4,1
122,219,174,20,3.431180399107662,0.9017574627936953,3,0
162,411,220,7,4.220054174015663,0.6407645245207312,2,0
167,178,247,18,3.7151872175926552,0.5931807632608128,1,0
69,269,194,6,2.620595305633463,0.5909237949198216,1,0
297,325,167,29,4.14511096964379,0.7045174258167661,2,1
333,306,219,28,3.6155903681581574,0.8306310271924439,3,0
248,379,292,11,4.17110159842774,0.8043601276026573,2,0
328,244,89,35,4.3883317488164515,0.6457913626854135,2,2
260,298,95,6,4.391400638651616,0.8837078351094846,1,0
131,485,235,24,3.83062875153814,0.929462693752364,4,0
68,134,152,33,4.227479196457482,0.6367277558637523,4,1
185,192,237,6,3.6128604423902573,0.6413515458488106,1,0
249,229,205,5,4.420563768959688,0.582974953633584,2,0
103,167,171,31,4.888597518188796,0.6946957662839144,4,1
118,416,129,7,3.736194499624184,0.7644103177784087,2,0
229,305,228,35,2.574012526668931,0.8518145543152729,2,1
230,488,245,17,5.236809050861648,0.5201943267720871,1,0
323,488,121,6,4.805729983500852,0.7702399914458635,1,0
187,413,201,18,4.753589705012602,0.9174178496704519,4,0
276,378,279,6,3.0713550196870547,0.5444756884265429,3,0
313,451,285,23,3.475397191610766,0.9728328181868794,3,0
246,325,159,7,4.073911418870761,0.901539860677587,4,0
265,355,150,22,3.767136965215955,0.8621884707531514,3,0
258,207,269,22,4.137447096212813,0.9795635641617988,4,0
146,205,108,30,3.5575624818904954,0.9669955036347636,1,1
306,329,133,33,4.25625157553539,0.9971562861278659,1,1
210,106,260,28,5.309249359751919,0.6274946886907946,2,1
88,168,158,18,2.920255282841524,0.8890143048486074,3,0
165,162,127,22,3.603042661154332,0.548909048815395,1,0
222,128,81,19,4.1726874074142515,0.7925711133812688,4,0
327,212,286,25,5.1031967957380235,0.6865816051432834,1,1
222,191,189,29,5.445513185782776,0.5908084555282905,3,1
252,340,234,6,3.567465847374753,0.6674872322435359,4,0
155,285,288,36,4.899082130555452,0.9696432457612708,3,1
346,205,231,36,3.995171796890623,0.5610275336916604,3,1
257,460,205,5,2.5615283380132343,0.5281615928553307,3,0
202,399,126,21,3.900386909037728,0.5274452684370181,2,0
197,354,83,14,5.058041014408875,0.6707352423233222,2,0
119,466,281,35,4.97041790946179,0.789965957655022,3,1
171,201,163,30,3.4867330440616553,0.5404196689953575,2,1
72,318,168,5,4.790139553409828,0.7511265888869931,1,0
291,439,141,38,3.0719056550995933,0.6633195398272648,3,2
156,174,226,6,4.487513973328034,0.7349323374895684,4,0
283,235,91,28,5.384641344793511,0.7600138122952046,1,1
345,373,185,14,5.464714219257231,0.8684454409190666,3,0
267,498,253,9,2.6580533962652755,0.5925843348426328,1,0
315,402,131,9,3.6795025327225055,0.8234364190423447,1,0
285,471,286,25,3.950560916246687,0.7527645907488214,1,1
108,156,159,31,3.4892361576645308,0.987501429162032,4,1
249,340,167,14,3.6999711229076713,0.828224758791793,3,0
246,378,125,13,3.4502216773754433,0.8580816678191516,1,0
303,311,242,10,5.258109211285726,0.8257873957596893,3,0
215,274,216,9,3.6268747865859017,0.8161688742070865,2,0
89,386,251,39,4.846448754491089,0.6736769674345957,4,1
101,313,126,35,4.155584912069663,0.8690502992766763,4,1
138,308,182,35,3.425008421461168,0.9994052782619421,4,1
257,252,153,33,3.9211459701229066,0.5749720867249737,3,1
77,468,130,6,3.3668477868116784,0.6265245796611998,2,0
270,288,256,26,2.549009557926378,0.6858702806947501,3,1
209,126,296,20,3.0061029287736676,0.8855867639631588,3,1
305,211,113,18,4.428265063708757,0.5909089735337405,1,1
324,276,188,32,4.357745969294411,0.7009557347407616,4,1
123,477,224,20,4.865455917523088,0.8702041763979211,3,0
222,370,237,9,5.184154100949997,0.9663717445618896,1,0
219,479,146,35,4.706546325624201,0.7249480940503024,1,1
321,377,295,22,4.549182046879416,0.7445938945521173,2,1
80,330,135,20,2.650236120637518,0.764836127384497,2,0
182,463,131,36,4.358325917162391,0.8441723339366954,3,1
85,333,139,16,5.263178057264593,0.5709006480943593,2,0
308,481,127,16,3.374150560848613,0.8882469882677106,1,0
210,385,167,12,3.510636184997742,0.6414762505422322,4,0
270,273,91,24,4.334263758787683,0.7679169212868476,3,1
256,272,291,13,4.0274661629322495,0.9348960142619843,4,0
174,420,272,12,3.898240012978971,0.5216616810437875,3,0
313,146,96,33,3.2495314322039075,0.9612176219976544,2,1
332,488,187,30,5.026932412294447,0.7442946091870557,4,1
277,104,166,14,3.9388412480347554,0.9869447634567134,3,0
288,360,237,29,4.12770622515507,0.8523254677807106,1,1
202,455,165,33,5.167469875873446,0.8935849729279312,3,1
202,215,165,29,5.067363609605404,0.7414554072189912,3,1
68,317,241,15,3.5509194471601675,0.756236754822016,4,0
88,108,279,23,4.763575553152683,0.9711673815384236,1,0
140,218,245,11,4.745448783642342,0.638483361575749,3,0
259,283,99,27,4.68677686127721,0.6681813410331796,2,1
219,497,243,7,3.276384136102127,0.6367535968913733,3,0
231,417,166,7,2.8544829706632173,0.8381070473517218,2,0
296,257,89,11,4.920309974906562,0.8773682364931978,4,0
233,262,243,10,4.806905223783586,0.8672081411291797,3,0
125,349,223,6,3.2935850207124893,0.6937549492389086,3,0
257,137,290,7,3.7417366158049257,0.5307483382494453,3,0
125,265,290,38,3.0181890826133637,0.9400569967921034,2,1
274,336,103,24,3.0606575513060146,0.5595879011967164,3,1
334,305,258,36,5.301147246488511,0.5387110973487963,4,1
342,182,250,11,3.3687441981252393,0.5214598609314175,1,0
277,168,284,27,4.630609140469973,0.8432094313740884,1,1
81,399,150,33,4.777063875624565,0.8911581377371315,1,1
323,359,293,7,3.8463943480141496,0.7685518366423246,4,0
237,276,103,21,4.775619937500043,0.5604767860930755,3,1
96,217,82,9,5.4386677335266675,0.863911814788164,2,0
250,185,197,39,4.919347708390573,0.6297625537776347,2,1
199,383,266,14,2.873302304524111,0.7549319444186764,2,0
294,498,299,8,3.492357029231486,0.7029201939133016,4,0
98,410,267,22,4.689449414377208,0.5211769831950309,2,1
311,206,242,38,3.85057673015525,0.5702869544863034,4,2
322,412,193,26,3.3826582860562366,0.694621944577074,2,1
281,350,85,15,5.400564757083502,0.663888122621077,4,0
123,224,117,22,4.895401141399284,0.7531840939366874,4,0
132,445,145,35,4.469151038291635,0.8055461332843821,1,1
266,160,212,15,4.927879688394232,0.6800368382405559,3,0
334,282,141,8,4.846675440729722,0.6258707278646098,3,0
277,138,293,14,2.9674196405741844,0.627924136726733,2,0
267,173,236,39,2.642864160853445,0.5050127127552733,1,2
242,424,139,17,4.793294811867487,0.5870707238289693,3,0
173,127,195,39,2.930544094976055,0.5587360754771575,2,2
318,177,107,25,4.173565763287325,0.8798140234904411,4,0
196,259,235,12,4.275489307861865,0.8240594164879336,4,0
85,438,297,20,5.029332924705178,0.723039801233972,2,0
194,144,211,37,5.4687371679679835,0.6189926958612437,3,2
332,202,246,32,4.402750141022315,0.7815162208915998,1,1
268,108,210,28,3.9498233821202255,0.7427740713438639,2,1
176,426,99,39,4.913985898616032,0.7144053213278388,1,2
316,307,231,28,2.9090815425139462,0.8290119804358532,2,1
305,348,126,10,4.4234775078644795,0.9271354434267315,1,0
157,405,246,19,2.7885419448554556,0.5996202674417881,2,1
309,199,290,9,3.481001352896459,0.5920963415624443,4,0
210,276,88,26,2.67224852464087,0.9204776420901537,3,0
163,214,92,38,5.110197782431829,0.7296986565073162,3,1
317,154,153,14,5.007638215477538,0.8484802684824202,1,0
260,181,259,6,4.696673717873783,0.9959012178068064,2,0
223,343,176,31,5.092421455247135,0.8427593241419455,1,1
209,456,123,38,4.481669755392887,0.8171669251382682,2,1
173,248,227,37,4.937033073943142,0.6306011392192382,2,1
114,296,99,21,4.803812720118138,0.8039665585773668,2,0
208,311,92,23,5.150000043549503,0.6773200884815019,2,1
198,255,179,35,3.189963307996348,0.7506371980371591,3,1
163,257,257,18,3.5084608859312723,0.5201992527295598,1,0
333,351,154,22,4.422211452645627,0.7783365555524397,4,0
313,409,106,22,4.670249990057638,0.6782559677680231,4,0
198,427,133,39,3.0844587820431917,0.5180693246354406,1,2
290,164,120,12,5.110047049348218,0.5463077555340169,3,0
98,458,283,24,3.789345948923984,0.5753368012692427,1,1
298,196,208,19,2.6112599271439656,0.8940983036669432,2,0
321,133,87,26,3.668525542325013,0.8086885136079092,1,1
101,179,211,25,5.152574097267054,0.972497939564642,3,0
273,129,214,31,4.338425681929916,0.8722624934137051,1,1
326,252,87,32,4.001687713823116,0.7137280453174466,1,2
269,313,108,38,3.5440453626485113,0.9966187439226292,1,1
273,333,183,15,4.087772333142892,0.5386192903197945,4,0
169,209,259,29,5.049585703077663,0.9342021108271925,3,0
232,372,125,12,3.8490020799895266,0.5239868512234185,1,0
98,141,252,11,5.443328054220663,0.9354146837506532,2,0
139,403,248,10,2.6245669714173,0.8806341254289839,2,0
229,102,227,37,4.116322660366574,0.7719997004967043,4,2
226,493,177,5,3.1672564716022955,0.5872267033445131,2,0
117,123,193,35,5.438821159019241,0.5843214505575592,3,1
317,332,160,29,4.528656442842265,0.8016735733081295,4,1
163,364,122,14,2.922961853115852,0.9249430852475986,4,0
338,262,293,26,4.066623352766221,0.6259936920816804,1,1
288,235,139,36,3.5720173015474437,0.5298634940813851,4,2
274,219,241,10,4.857878195691049,0.7042048619981292,2,0
217,186,287,21,4.868922042013246,0.7057791534271292,1,0
308,164,103,27,2.871525917818872,0.5498280260946419,1,1
223,119,276,34,3.4043988275431487,0.6533718532475217,3,1
78,426,86,27,4.730232233526382,0.5595808533598032,3,1
121,150,227,13,5.070591090694875,0.8008298087641905,1,0
348,100,130,33,3.1205355515294197,0.60492078254533,3,2
298,142,260,11,2.929087974390634,0.756315297463362,2,0
89,340,266,33,5.256501261681285,0.7253667509503723,2,1
177,384,238,15,4.4508158644290505,0.6348530691941694,4,0
137,178,207,27,3.2712628770498196,0.5841086449735908,4,0
219,143,140,33,3.6415331644821736,0.928165397646176,1,1
202,185,181,39,3.6494997468554207,0.7683357100610698,4,1
244,230,110,25,2.625835388832743,0.9002386107017322,3,1
243,145,220,22,5.3710186269694145,0.9604311569649258,1,0
74,304,129,21,3.560136924847459,0.9067668803166511,1,0
319,402,268,15,4.439325414606095,0.6464506779568271,2,0
125,189,265,32,2.6458590703273597,0.5472705369652613,3,1
214,219,195,12,5.205630628859148,0.9910486059140646,4,0
93,159,82,7,3.2205808385091865,0.6468905257419042,4,0
316,425,171,18,3.408745207336147,0.6701190410707681,2,0
282,167,112,14,2.853381263833245,0.5634970908268682,4,0
113,436,220,35,2.6728248253716695,0.5746716940347275,1,2
185,304,203,17,4.832985051821902,0.6784756553166698,1,0
245,192,132,28,4.974384775263059,0.6712760913279139,3,1
158,205,281,33,4.239864102344784,0.5681366629786962,1,1
291,150,294,31,2.83523894172149,0.9252453650694714,2,1
261,132,241,21,3.3918332301783103,0.7055592776080821,2,0
299,236,192,12,2.6470735994254895,0.8142603982139078,3,0
278,228,182,16,2.6785303394415108,0.9893836451289575,3,0
191,411,253,36,5.420078239668863,0.967489878403663,4,1
167,303,227,38,4.532830600818922,0.724846498186273,3,2
97,476,119,15,3.904562600466437,0.9422568738558419,3,0
287,112,117,28,2.6074550884339187,0.7192951315335345,3,1
231,199,227,12,4.889972942259663,0.6450952739985641,3,0
340,193,198,5,2.6074507346413696,0.6756322384551714,1,0
306,143,210,29,5.28345061455672,0.6613678932355163,4,1
323,235,291,9,2.8482969824364637,0.8123641775079015,1,0
257,359,197,37,2.5369697322880516,0.5159151494963687,1,2
282,462,148,30,4.91608675312183,0.5884442150338618,1,1
229,297,200,37,2.816910808451535,0.9096058796083588,1,1
174,306,196,8,3.874852548250012,0.9746239325420056,3,0
194,329,211,23,2.6933581852603967,0.8771322886820405,2,0
60,121,275,9,2.8808835384517155,0.5633486329918791,1,0
123,298,143,33,3.8563930133461524,0.6313816162463343,1,1
183,418,156,11,3.7520994035907136,0.5160107266601398,4,0
88,452,114,27,4.218938581158049,0.528594628492524,3,1
251,162,236,39,3.883802451731311,0.5441617665824471,2,2
88,323,134,30,5.22004343192814,0.7707336224862702,2,1
256,123,255,32,4.130568866980308,0.721277198989885,2,2
265,414,296,23,2.5140804974790636,0.7865901288144446,4,0
77,210,219,16,4.828688683284578,0.8631470187138055,4,0
160,444,99,5,3.057245616882393,0.6257665833602503,1,0
238,251,272,20,5.061931233772494,0.6916675260099394,4,0
296,196,172,9,4.922434195821058,0.548090067912179,4,0
318,282,103,18,4.598614771125612,0.8756619100688141,3,0
111,315,243,27,3.6145438877825224,0.6903720606124752,3,1
121,233,110,30,4.079149555304603,0.9513304380084298,3,1
177,377,154,19,3.2719354366552467,0.8876912556030246,1,0
338,440,118,17,4.301760245166273,0.923859285464661,1,0
280,204,249,26,3.172667589420677,0.6218384077031982,2,1
61,454,170,35,2.6875726512191367,0.5530378612783158,3,1
177,402,298,28,2.876988542822664,0.5979914144844186,2,1
226,336,147,36,4.125957994799499,0.7241253444248291,3,1
162,456,85,5,4.8747461355294766,0.8723949351810378,1,0
338,408,270,16,4.891380926927437,0.886577188791722,3,0
166,214,195,30,3.0191558746388085,0.7374532173553536,2,1
244,420,238,39,3.7312592525563115,0.9215981002283758,1,1
117,177,196,25,2.7351408700140403,0.7057324478121973,2,1
225,297,230,36,3.2676143272071667,0.7136798469187675,3,1
201,367,140,8,3.4400849356630547,0.5512624661861592,3,0
236,496,147,33,4.3164380833054885,0.689341375446691,1,1
223,136,234,27,4.620128769225915,0.5358021039332255,2,1
216,253,185,38,4.316852933702451,0.7381221612173419,4,2
72,175,150,34,4.652433126956504,0.7387173729991221,3,1
241,424,277,38,2.5095602532121535,0.7438670915668819,1,1
73,312,250,38,3.2143419772320434,0.8200835684967122,1,1
344,254,257,11,5.403981986447157,0.5370653944170332,3,0
341,499,297,39,3.803456729019543,0.717330526961631,1,2
179,286,182,36,3.867407471370437,0.5027333683098048,2,1
211,498,299,17,4.773108277935114,0.9529766686815389,1,0
201,416,139,19,4.866142823506608,0.7431374720687614,4,0
180,191,240,33,2.939536035712647,0.6098391440251401,1,1
169,325,267,32,5.422481085600079,0.9750119351531279,1,0
122,439,90,27,3.9280377679436382,0.5221389431374545,4,1
77,134,90,5,4.127642821706358,0.9510105935255758,3,0
139,499,104,6,2.6032046564368905,0.7196257980995138,4,0
165,421,151,21,3.07386256062811,0.7055906110720175,3,0
214,181,241,15,5.4616329260370895,0.6935432845270384,4,0
225,157,170,17,4.9973588584851125,0.5262959021252904,2,0
276,137,250,20,3.6979937423882534,0.743922803808938,4,0
177,257,122,23,4.5767086385697535,0.7548633322011573,3,0
162,209,134,17,3.5820629428053943,0.6073674183853373,2,0
192,230,260,22,3.10239268582949,0.9855079216788416,3,0
65,308,155,6,3.849072047011752,0.7028229169377149,1,0
177,285,105,29,4.987700610722191,0.6883705779505411,4,1
181,308,264,15,2.552790935687205,0.9687248888025884,1,0
168,139,203,32,3.2939365614624734,0.9717116686908445,3,1
194,460,134,35,3.421889318603976,0.5637284243241536,2,1
179,464,134,7,3.2087242059091015,0.6737821991460369,2,0
185,359,177,26,3.534976068561043,0.6823522140493103,4,0
232,331,283,24,2.6857862983598073,0.5122310302708213,4,1
131,275,241,13,4.905263209177568,0.8838200296565639,4,0
267,459,296,16,3.706512823008971,0.8139136320636301,3,0
306,457,266,18,5.002558904089682,0.8638764720663057,1,0
335,410,86,31,4.976432186838744,0.780295251461386,2,1
221,400,120,14,3.076023064693748,0.9723328016810119,4,0
278,101,101,17,3.799372996407355,0.6758311387021547,2,0
309,457,129,30,3.6995823229721956,0.818614814496273,4,1
313,493,215,27,3.3195465094239633,0.9628873945053904,2,1
267,310,106,21,3.0838977071703995,0.5919953415653103,2,1
184,175,96,13,4.723773776082302,0.7222980313213813,4,0
303,152,143,22,3.5274518768522953,0.8453738720826054,4,0
276,210,205,24,4.9908579161610644,0.748779223633899,3,1
96,206,154,28,3.3217299102807165,0.8164521972937384,2,1
264,314,140,39,5.0754897805254675,0.9525049913957829,4,1
292,379,119,35,3.224691993258206,0.7234618466379047,2,1
341,401,123,11,3.369687538542798,0.8305194102915331,3,0
249,346,206,9,3.095642284954261,0.5511692999776147,4,0
60,227,251,27,4.744727139377611,0.8804366900202925,3,1
197,389,170,23,5.137235691908085,0.8976529647198365,1,0
147,493,202,35,3.146563722402629,0.516831317705052,1,2
135,475,122,9,3.5390455786888078,0.8973072274337857,3,0
99,425,154,18,3.0227629870671073,0.5455619485012397,1,0
329,118,82,20,3.3010325305180395,0.7863786209951522,1,0
234,152,80,25,3.5799660242790776,0.6471123305065869,4,1
288,304,196,37,4.171235136321224,0.8558348965447482,3,2
275,456,289,9,3.334569877282442,0.722210745498387,2,0
97,264,118,31,4.7409928484930965,0.6906314969927287,3,1
85,186,185,27,4.263844636436937,0.8828078691252192,1,0
287,389,148,21,3.5578961034358088,0.879161932294872,1,0
192,240,269,22,3.01061622851783,0.9600877011627771,3,0
345,459,95,38,3.3559034474250433,0.9303115770076584,1,1
264,233,212,38,3.1401058751960256,0.865977643688855,4,1
177,198,271,26,4.288248638613292,0.7269809541542653,1,1
237,121,99,12,3.2936039583505528,0.9199103649734162,2,0
151,155,271,28,2.7194377560819083,0.518559197172717,2,1
218,393,259,32,3.3509452922431984,0.5347959554991955,2,2
83,432,169,34,4.886015197238711,0.9019796019596498,3,1
81,486,254,33,5.38881135780119,0.5172941817147212,1,1
182,488,276,32,2.524150806401816,0.7415142149323577,3,1
150,373,236,11,3.718392660634748,0.6706891613536067,1,0
285,371,289,28,2.8156230601056675,0.5773671036194257,4,1
145,481,239,37,3.468048064123715,0.7630245249785923,2,1
224,338,132,17,3.5944858402310005,0.5015104821563157,1,0
70,270,249,27,3.2628828040553297,0.815002031672529,1,0
61,347,112,6,5.033997826660347,0.7813173268432967,3,0
339,252,101,30,5.331452588095142,0.6516847706415507,4,1
74,313,117,11,4.511921105869116,0.5297226331364597,4,0
154,182,224,27,4.870964703037265,0.6251295688634082,2,1
168,319,92,7,5.237479651934587,0.6427138821386359,1,0
80,446,224,13,3.5090612311593605,0.7617714156216997,2,0
345,450,103,19,3.9587183865746645,0.7409352202461627,3,0
241,118,107,6,2.6450857615357695,0.6049582070094369,2,0
328,442,189,19,4.017019373419595,0.8534342592335261,2,0
194,311,112,37,4.823172752870527,0.8990943298601846,2,1
129,119,164,32,4.0525170082194615,0.7092282300117895,3,1
330,187,122,38,5.17360917536185,0.696617510470129,2,2
209,218,173,16,4.61772535225159,0.5654609050239039,3,0
149,221,145,31,2.5963010289009745,0.645486767368281,2,1
273,306,241,25,4.253375707650142,0.8620819648013285,1,1
101,214,292,14,3.5501864841394832,0.8748343222945829,4,0
273,434,208,21,4.113940721108642,0.8833854996117789,2,1
322,277,168,13,5.446257951310262,0.5119767311694381,4,0
277,339,291,12,3.5218753576757074,0.9959668663881881,1,0
245,112,183,22,4.997785884528539,0.9438998462278726,1,0
195,430,255,23,5.049744855915382,0.5288449752773097,2,1
236,333,201,33,3.2078230337496376,0.8028323328568814,3,1
139,291,187,27,3.913577544841785,0.6912643229250017,2,1
139,170,269,17,4.035135662898669,0.8643300296908863,3,0
260,400,290,39,3.873816811773716,0.5386505514329927,3,2
163,133,129,17,3.4015395580574785,0.7852162966487898,3,0
236,454,220,15,3.219782892248228,0.9528236495115866,1,0
153,306,233,25,2.58980952737385,0.9533034210534754,4,0
116,472,170,15,5.071687294848408,0.9203174968778536,4,0
232,266,140,23,3.225436301082608,0.9609423945505271,4,0
344,257,253,24,5.213863520899004,0.9626461646335982,4,1
63,205,298,33,4.7073075525718355,0.9988987400558715,2,1
285,322,195,5,5.372468852582838,0.5469711986343364,4,0
255,307,285,37,5.0116828781554625,0.5535373890461577,1,1
148,362,199,21,4.083470592343177,0.718927120744508,4,0
98,133,166,34,3.582823264725657,0.9910591143413332,1,1
70,392,206,33,3.5509638266352903,0.8520612847980622,3,1
309,167,178,13,4.0576393454235244,0.8967200944131539,4,0
270,317,158,20,4.203121480022907,0.9192257432127668,1,0
93,455,159,12,3.5577659441808134,0.5246803984436408,3,0
238,156,215,17,5.375281890154091,0.6283102359895012,4,0
219,274,141,16,4.752351272466875,0.9923817798552346,4,0
69,103,121,33,2.963185867663176,0.8419094846354969,3,0
291,419,154,33,3.5436847726574103,0.917526676855857,4,1
159,458,186,26,2.7899843759132072,0.6713131595949503,4,1
121,342,264,20,3.996230294408626,0.9051912576202827,3,0
275,144,195,22,3.1580433625475166,0.7021825527346806,3,0
277,483,279,31,3.9079430344821895,0.7906008284405236,1,1
313,460,202,38,3.754799476756069,0.9940095346392646,4,1
61,309,209,37,2.733335594606244,0.8309937422040714,3,1
163,135,231,35,3.8121904838090677,0.7767722775863318,3,1
199,438,298,16,3.8949681456050547,0.9910408933702175,3,0
292,134,87,10,3.5407311136383464,0.7469996582390975,2,0
89,202,161,39,2.793432734378132,0.8502873144366745,3,1
200,398,150,35,4.089018447439271,0.9260915444515594,2,1
323,355,255,26,4.824554969708548,0.6685189598650738,3,1
199,208,200,17,4.197065652212728,0.5695599738918442,4,0
148,189,225,13,3.0280472895298063,0.8606721296868781,1,0
226,178,281,33,2.746186754892217,0.9380920613995237,1,1
195,437,95,36,4.589204933479127,0.5317852712052713,1,1
95,192,167,23,3.382245249717329,0.6373788436390956,2,1
224,454,241,39,3.0493759337862967,0.9742470415387103,1,1
165,432,115,18,4.049806635325929,0.8649771545273853,3,0
75,151,249,20,3.2124321033637244,0.7444886685835086,2,1
303,495,291,12,4.340835479391691,0.9640444077526719,1,0
234,258,298,9,3.958853224847725,0.8700039242467985,2,0
74,256,105,36,2.627150738251852,0.5740058556199665,2,1
144,360,210,17,2.5507069465279475,0.9069072081125343,1,0
252,158,124,24,4.937390761010902,0.6175730210913026,4,0
269,360,131,25,4.2498313550984985,0.6813583390099738,4,0
156,232,279,6,3.789674895634861,0.7360123718735854,3,0
149,385,191,11,4.796217926295128,0.5240252564184027,1,0
179,180,288,36,3.2455839872927545,0.7092295447359022,4,1
89,189,155,26,2.889839420959292,0.681228680857342,3,1
139,195,91,15,3.0164787227672116,0.5239928649574719,2,0
323,332,191,24,5.4606024650322755,0.5533758472257447,4,1
254,389,292,33,3.9204823723276143,0.5758627737918058,3,1
162,338,188,28,4.730236911805944,0.5332617622230474,4,1
94,329,178,9,5.278288127019736,0.6885370536536002,2,0
178,383,158,9,4.179147218097528,0.9611936097850724,2,0
312,229,238,21,5.405820617060575,0.6960590575360861,2,0
63,138,274,9,4.5367075177204725,0.8021431514451003,3,0
85,318,149,15,4.9381291304120385,0.6238917457538335,3,0
325,344,253,9,3.0462763013257144,0.886160936046454,4,0
280,496,274,26,2.61876874368253,0.9194492154866092,3,1
67,285,251,31,4.741392962443051,0.5440599587679208,1,1
65,172,220,21,3.7276139715718024,0.5281265129052084,3,0
179,138,200,5,2.7999055180707164,0.8840584693695761,1,0
330,286,92,25,5.4761368076178325,0.8115942843614211,1,0
282,229,187,8,5.045641702847054,0.9848851359878901,2,0
263,495,263,38,5.4726916978385685,0.9848016534541305,3,1
193,309,100,13,4.780528336510928,0.8370014418554766,1,0
298,241,189,10,3.229249639063135,0.7574758653923199,3,0
163,102,187,21,4.840816128004625,0.9476270847334178,3,0
315,398,154,30,3.1115338747843473,0.5392367463574094,1,1
243,384,248,23,4.324880754386223,0.8549026001010513,2,1
159,445,237,15,4.7524520184704935,0.6147155817445671,4,0
289,423,292,18,4.988237140936677,0.6345625829417868,4,1
134,330,141,24,2.561637133184748,0.5849321127362487,1,0
91,432,278,28,4.4495937538955,0.590593320691549,1,1
340,389,267,13,2.5801256142933857,0.680204945079888,2,0
95,116,198,31,4.227659509247157,0.7688102925776756,3,0
116,344,259,36,2.896035335677883,0.6676427639138531,3,1
267,332,294,12,3.215301234187776,0.92427013552131,4,0
105,482,157,9,2.509841887297445,0.6163430155860057,1,0
61,278,222,29,3.1664019270874046,0.6676724208976283,2,1
249,133,248,16,2.9033855729508344,0.7623161388804629,2,0
322,213,177,19,3.9788283080048235,0.5203726018205869,2,1
224,484,118,33,3.7455111976788933,0.7495468270533852,2,1
315,366,161,22,4.811471067830077,0.8204554725967779,2,0
206,208,268,13,3.857949953205497,0.9908798824454996,4,0
137,259,161,38,4.24364069678896,0.840127964346508,2,1
112,326,86,32,3.477890573986753,0.8236224501825682,1,0
297,183,122,28,4.453473987864843,0.7512710263070617,2,1
263,347,222,15,2.8878932580131265,0.9183238891267445,3,0
150,309,245,8,3.2112022920509333,0.7368411046622252,3,0
107,296,286,29,3.9763194733725262,0.6116356388125785,4,1
340,497,110,29,5.188755479546847,0.6517786913118264,3,1
221,241,160,36,3.5482098321889772,0.7991037206377843,4,1
120,118,154,17,4.41719906124999,0.5162070961698926,4,0
156,324,146,38,4.83274033895194,0.6698703682923182,1,1
243,379,235,31,4.534614016357791,0.5179254463468619,1,2
268,483,100,28,4.779779344534082,0.6789198637456206,4,1
318,214,273,5,3.606843501802207,0.6376732216900718,1,0
272,148,96,6,4.958965311540085,0.6713760582773349,2,0
327,353,272,14,4.984748641680679,0.9660856415080188,1,0
226,395,135,5,3.186882693008669,0.7050334935819988,3,0
151,320,289,38,3.4069126973495716,0.814646390685607,2,1
85,219,298,38,3.033192667610553,0.540106077527336,4,2
298,207,88,9,3.442195763060485,0.9737504308827123,3,0
274,187,184,27,2.611983310199833,0.8471956623414567,2,0
345,173,288,18,4.302406325444353,0.7106277284271261,2,0
308,491,154,16,4.3879606730497605,0.8691376716441042,2,0
92,494,261,28,2.7214868040707167,0.9440263343876365,2,0
256,133,245,5,4.110587011407415,0.7307077853283375,4,0
119,435,104,35,4.350862385630852,0.7368912402121859,3,1
109,203,161,9,5.149065954107725,0.7954399234725587,3,0
254,437,189,31,3.694379314517934,0.7250659173272741,1,2
63,272,149,39,3.7420831382100923,0.7201337993625272,2,2
292,323,125,27,4.337407082185385,0.691366304181638,3,1
294,183,273,37,4.750661489996483,0.5629807306963637,3,2
332,137,234,6,4.962737598879157,0.7134800046379067,2,0
87,170,126,30,3.294455337213706,0.7782921009408255,4,1
89,388,128,30,3.837432973495278,0.6507790337260881,2,1
261,109,247,18,5.01792844602565,0.9775361447775569,3,0
132,187,99,20,4.2836856374453465,0.9202631793245373,2,0
319,450,136,8,3.7254931572972234,0.9557538385021691,1,0
213,295,122,21,4.8280914639503605,0.5022688321131694,4,1
254,480,283,24,3.9070220553982065,0.7426196508849316,2,0
134,100,125,25,3.7791896016329587,0.520579430544297,4,1
306,485,130,24,2.7872824384376345,0.5259047702240283,2,1
117,305,130,30,5.013111003390288,0.9167411088075614,2,0
248,256,164,14,4.050571428231019,0.6563008904803604,1,0
272,404,243,28,3.481646472095843,0.7645007024950038,3,1
108,390,125,38,4.198233686947881,0.6627086510192335,4,1
217,205,153,14,4.875451572071141,0.8324442738557873,1,0
199,249,120,38,4.216238459089982,0.5722796705116603,3,2
228,324,291,14,5.353672939803145,0.8481313331267166,4,0
73,353,244,35,4.394301617876971,0.5282647791002729,1,1
240,323,236,20,5.399100226089946,0.9759183347943414,4,0
211,235,275,18,3.0702753065905566,0.8972169761648503,3,0
342,166,201,37,3.7470830967279745,0.9963592391045003,3,2
295,332,276,13,5.195431677592275,0.5416718527678572,4,0
255,322,180,28,5.219442480405828,0.6756513900655925,1,1
317,154,171,17,4.265210966163451,0.9874796483131265,1,0
86,459,158,17,4.4031604479117625,0.7367877055596472,4,0
269,271,274,16,3.972333193767387,0.8806585098885054,1,0
151,467,173,15,5.43865186785127,0.968499026318832,3,0
242,212,160,28,4.5308762235810125,0.7497500451916939,1,1
314,424,204,30,5.41882988969539,0.5681987527497656,1,1
186,441,129,31,4.890513761807829,0.7645752851575742,1,1
63,370,291,13,3.4100953872784494,0.6758794655667888,2,0
213,191,183,5,4.836697025145007,0.8729550273275744,4,0
259,241,247,35,5.368304865770686,0.9553938814003404,4,1
278,180,161,36,4.87467306976575,0.6053813998808188,1,1
304,304,101,9,4.432947370095717,0.7483385870729766,4,0
141,105,172,7,3.175498757865559,0.6533497281227707,2,0
323,119,251,29,5.143524326641067,0.9752502500808975,3,1
276,403,288,16,4.009150121527345,0.7118925033479996,1,0
131,324,209,35,4.796440088063349,0.9646213555825869,4,1
291,221,147,34,5.297456937307173,0.6450720285388,4,1
132,195,98,36,3.626396875568343,0.8826091185157013,1,2
138,253,236,17,4.346047941363187,0.8449590411383938,4,0
296,117,294,9,4.433317360610186,0.5742278421784941,1,0
211,348,245,28,2.965866523509399,0.7104092259891364,1,0
109,166,181,16,3.0807280278488176,0.988665669510563,4,0
116,242,294,14,3.3947157158337826,0.8578554238610958,1,0
182,235,228,9,3.0713183220593976,0.8091221695087765,4,0
332,123,290,24,3.588445223299515,0.978192672392358,3,0
153,234,129,20,3.243440366941685,0.9614577902103143,1,0
81,303,254,16,4.736014017560262,0.9408993067438428,3,0
307,330,164,13,5.12033364139061,0.6392457520527068,2,0
114,210,295,29,3.8144354920002,0.8636283910243366,2,0
321,165,122,25,4.420280591634864,0.930648337032904,3,0
101,302,169,5,4.037121536123061,0.5222840006576761,1,0
216,256,290,22,4.067501478860638,0.5973282291141628,4,1
212,461,181,19,5.470870305630083,0.831538452929274,1,0
150,396,117,18,2.989912936239268,0.8645306306256801,2,0
220,143,158,7,3.668106750543374,0.7399919188146691,4,0
114,292,106,36,3.8584487035014403,0.9039788619441043,4,1
214,423,291,23,5.150218536993716,0.8101938233603101,1,1
272,261,254,7,2.978499912551455,0.972924523861254,2,0
297,447,179,24,2.968954821580501,0.5646496999787758,3,0
212,301,239,25,2.739531142513851,0.7843275953931863,3,1
329,258,224,32,4.985127787145412,0.6039125223704693,3,1
311,185,270,39,3.69867180218605,0.5278366438259379,3,1
250,348,108,6,4.258140625659045,0.7454890222281617,2,0
116,403,256,37,2.847281456831729,0.5218371501322336,3,1
271,145,291,13,3.4642152411882043,0.6088450404801058,4,0
255,249,195,37,3.2830896130932548,0.5116405952007491,1,2
161,417,132,18,4.0429328836069125,0.9572765078181531,1,0
256,153,229,37,4.044373335398547,0.7583328963934088,2,2
312,402,271,9,3.0858871660189826,0.622790929354746,1,0
88,242,210,24,4.236231010088304,0.8532466119865052,1,1
290,465,280,35,2.511961471167659,0.5951011347021955,1,2
165,121,240,25,3.0100045778314577,0.5548852709865992,3,0
279,145,298,39,4.7608134285475066,0.5893045255503635,4,2
271,168,111,38,3.841016004910429,0.942949114898438,2,1
65,365,125,34,3.4850692616256245,0.611850039463197,3,1
157,469,149,13,5.19768658792168,0.6184245310969843,1,0
345,313,287,20,2.5069160229454757,0.9609536971209502,2,0
136,220,286,12,3.06095898479076,0.9990209470506879,2,0
65,331,146,21,3.960627867487907,0.5542140462603509,1,1
274,436,268,7,5.076969241452311,0.8414237390376911,3,0
112,455,292,34,5.1916912548494025,0.7547564784437211,1,1
286,300,144,16,4.186719429397363,0.9742331363158132,4,0
161,315,175,25,4.405120650830197,0.7537401818829046,1,0
335,397,207,29,3.652433109164882,0.8577440187750331,1,1
348,193,226,39,3.026159668899976,0.8077622831933399,4,2
290,366,224,25,4.429715624812338,0.6748741444656912,4,0
266,124,297,32,2.8574843650869335,0.6278926375691405,2,1
141,242,86,15,3.2860678645732335,0.8532512897404503,1,0
325,144,188,22,4.949162492627518,0.6299589692770906,1,0
145,170,192,39,4.1355423205650474,0.7114077507525434,1,2
135,199,110,9,3.613405696267276,0.6193341560999055,1,0
78,309,157,11,3.9317635120385024,0.6757483839758579,3,0
123,183,267,10,4.03001255664108,0.5913003505303092,1,0
201,135,231,9,2.5184212545989153,0.5793114714908456,4,0
298,288,192,27,4.6132153506643165,0.6597319823553659,4,1
130,207,120,27,4.619823313474358,0.7956267052927002,4,1
111,329,140,32,3.841426637022077,0.681443180566685,3,1
203,393,131,13,3.6056964487265777,0.6132091687241672,2,0
197,233,106,28,3.9138132736792652,0.5935017121826418,1,0
99,131,276,7,4.202108241838753,0.566084573117728,2,0
195,218,193,39,3.8435180095337786,0.5373270411111286,1,2
151,124,138,12,4.253459718393163,0.7693225460568894,1,0
303,303,267,36,5.466555164610077,0.7647239292698953,1,2
334,177,162,8,2.661056718087216,0.9990534101401738,3,0
78,289,212,23,2.741040935663931,0.5017597863260974,1,0
308,114,113,18,3.778957028705239,0.6483437559702867,1,0
145,336,177,13,5.303995659048813,0.8739639956553964,4,0
61,439,203,27,4.276329425173326,0.9425230609604087,2,0
241,129,113,31,2.5144556177015893,0.7245710956818578,4,1
258,394,277,30,3.966184200459627,0.777063286560739,2,1
97,332,177,37,4.9540209648747755,0.578928199172404,3,1
316,355,209,27,3.6162735989174717,0.8312893575687836,1,1
187,293,298,7,5.440048795126801,0.6664458258446528,3,0
146,415,137,6,3.8651279773048053,0.514102115433082,1,0
72,492,268,22,3.1742384491434694,0.8788409683598568,2,0
273,130,272,15,3.67577605215178,0.8366440081542055,2,0
306,323,291,33,5.331715058236351,0.9227871593929411,1,1
160,491,278,15,4.392490899707586,0.5802699716592815,4,0
185,181,208,8,4.059513438106309,0.7029836024823817,4,0
133,174,200,10,2.9708163350794967,0.7176957774174424,3,0
64,375,219,38,2.7371612216513648,0.6902030219419532,4,1
77,457,198,19,3.122071858406506,0.8306241782668435,4,0
251,472,169,29,4.4211591975353635,0.6620903414508912,4,1
213,162,212,22,4.268778060271587,0.7809953895571469,4,0
206,300,220,35,3.3491570143584233,0.6631383107461928,2,1
211,247,208,33,2.794640807165908,0.6435625805065173,4,2
77,265,246,17,5.0474004707899685,0.9599834655761488,4,0
62,306,165,14,3.4858819129514895,0.8401212031752534,1,0
64,100,110,17,5.235397859470286,0.5122039571116004,3,0
65,111,219,9,3.234497667537583,0.7261366926759809,3,0
228,400,232,8,3.0016684702145113,0.7180149060634983,2,0
255,475,152,36,3.511743007635185,0.5887872024275005,4,2
144,330,228,23,3.185806506537714,0.9462224357969631,3,0
65,490,178,27,3.766520207521131,0.562769968758434,2,1
78,147,230,26,4.614809832071925,0.5008679497798898,3,1
321,452,162,15,3.2703321367472293,0.762347327585031,3,0
81,205,133,19,3.103727812005606,0.818938053630309,3,0
220,315,105,29,2.966173360347317,0.5456403291379607,1,1
236,342,253,13,4.700330369328605,0.689117811650559,1,0
117,104,183,15,2.7974101761817916,0.8372108604453435,3,0
226,458,246,29,3.6976580684838014,0.780466526097989,4,1
277,123,226,37,3.5146781342513815,0.8891855061889935,3,1
106,137,266,28,4.391753418654636,0.6438245837559269,1,1
300,403,128,34,5.128842281963255,0.5565367967293624,1,1
206,346,255,35,4.80547631089469,0.6208537456514635,1,1
306,168,83,11,4.528468731633334,0.6317139525865324,3,0
124,269,167,6,3.849371793958004,0.8068400318610564,1,0
318,176,166,16,4.928143091874677,0.773725849825279,4,0
126,108,286,7,2.5959535159766185,0.9354662136639365,3,0
252,134,248,14,4.595219066218332,0.9230020713100353,4,0
255,488,281,31,3.549776342162451,0.7470613528946506,1,1
147,195,108,30,3.172688338041864,0.8927163755586339,1,1
311,327,134,14,5.3369980686080485,0.8793263941228691,1,0
176,240,297,11,2.759990896523404,0.8731184890462653,2,0
297,308,157,17,4.350977208204308,0.6311554536591515,3,0
61,190,216,27,4.965216753443114,0.8255089600856302,4,0
214,197,141,32,4.657133968650703,0.7958167809218402,3,1
224,374,221,23,3.377070542034495,0.5046347447999227,3,1
295,131,184,12,2.5482302573986724,0.6830172688705503,3,0
260,479,246,21,5.263476838635409,0.5051069260676816,1,0
149,373,155,37,4.313171207321785,0.8397594627147842,4,1
241,363,128,19,5.2468695186895715,0.6644979304539695,2,1
288,112,201,15,3.7226279154108752,0.7529409494773258,4,0
97,394,176,5,4.300181766924435,0.5380160829064761,2,0
71,391,288,39,3.298242615025968,0.6489190679786843,3,2
275,246,283,11,3.3411298279113875,0.7623855464464562,4,0
286,320,125,36,4.712729042881945,0.9888219131636359,3,2
152,453,290,8,3.435641478173685,0.6707413296837086,4,0
236,276,200,13,2.8477229927807155,0.6693650064971832,2,0
164,404,271,16,4.011889923310972,0.6913034727738927,4,0
303,127,84,27,2.7620541556641003,0.8109503677539892,3,1
208,260,193,30,3.3957920876174237,0.8023261230947822,2,1
179,329,126,25,2.54400956922251,0.6530563027449015,2,0
327,142,97,5,2.811691465515436,0.877692602223195,1,0
130,105,197,33,4.148350432427302,0.7235169368943772,3,1
82,487,230,33,4.569836991900296,0.9718677850789251,1,1
138,107,297,22,4.731848238345591,0.7432672088869492,1,0
271,408,200,13,3.000950054312975,0.8274296719570371,2,0
94,106,193,22,2.925341330790034,0.7061889788456722,1,0
258,489,199,13,4.504037767323521,0.8621785477001439,3,0
326,236,174,30,3.289257459813346,0.5509408883258948,3,1
111,170,197,18,3.6448395695777562,0.8220698536627412,1,0
242,304,105,24,3.032729943217432,0.9461828823866165,2,0
255,299,227,35,3.3146760263040846,0.9227126036521502,2,1
309,266,255,25,5.307926193732211,0.811839031253814,1,0
163,125,271,19,3.09338617871363,0.9455335466957582,2,0
202,448,195,29,3.8303142267788854,0.8404527599409966,1,1
282,203,126,8,3.2655678187665593,0.6939853557633212,3,0
240,165,179,8,4.3723278751934895,0.7723118060613737,4,0
71,346,217,33,3.93637705406897,0.6371228133764335,2,1
160,135,256,29,3.551804036120433,0.8458958947864872,1,1
322,384,230,22,3.679085878778743,0.5596192319438096,3,0
288,271,148,39,4.8985710158240146,0.907211600055924,3,2
290,105,110,12,4.493764799542725,0.5413272087249232,3,0
206,324,209,7,5.487620191101482,0.6464477248288302,2,0
68,180,163,24,3.6237267288792046,0.8185111616675305,1,0
135,228,153,19,2.7350220862726564,0.6455353830004389,4,0
169,443,166,36,4.960920682813656,0.6844231472682027,1,1
114,482,230,37,4.181468953006374,0.6473554277591145,2,2
185,282,107,26,5.380510141921912,0.6757147053236257,4,1
97,210,226,30,4.555996890742285,0.5665042891687835,1,1
322,357,296,17,5.382326906843316,0.7609228666382697,2,0
344,258,181,5,3.0130042293494217,0.5921261110906355,3,0
325,331,188,10,2.9886059969487864,0.537784792317858,4,0
196,303,239,37,4.872505183522088,0.5731694806367102,1,1
87,314,261,29,5.388659821871853,0.8055046065720979,3,0
80,457,107,6,3.6026285018416413,0.8604342348926077,2,0
333,493,291,14,3.031782205616544,0.635036833481257,3,0
153,317,261,12,3.2251971348340507,0.731569167305884,4,0
310,488,217,7,3.3445459031436284,0.5037070847255456,2,0
168,136,133,35,4.091473050500937,0.613620567831497,4,1
248,383,171,28,2.93662928651794,0.5589885128071828,1,1
233,249,137,13,3.075730148913436,0.6745496661333166,3,0
203,248,174,25,3.078222253763389,0.8393387856201697,2,0
327,249,100,5,3.489718156659973,0.5980024216564601,3,0
321,432,211,25,3.4961969978903626,0.7362271490606922,4,1
164,237,217,33,4.840611117199178,0.7607781631772031,2,1
246,138,161,13,4.692351653031511,0.5346405601268093,2,0
325,179,83,5,3.8100857659670027,0.5449465790486836,4,0
245,477,190,13,3.7103236209787167,0.6983935573492996,4,0
165,232,96,33,3.7293672726212033,0.7327315627424993,2,1
125,367,198,15,3.1949906728181836,0.952070629429218,2,0
87,392,202,33,3.8413035561983553,0.8845390371206326,2,1
155,162,130,34,3.7429188104813007,0.5526314820467872,3,1
63,331,165,20,3.9292465274938753,0.5713713846833894,3,1
282,417,132,39,4.8406140975730825,0.9947276573350596,2,2
190,311,209,6,5.339927500958821,0.8095911135489273,1,0
166,176,112,37,4.726887009649691,0.6935514904837403,3,1
297,349,280,38,3.8600834797873933,0.7030814610224496,1,1
145,398,220,5,4.734641266944717,0.7346792639282813,4,0
336,195,143,31,5.309853308188752,0.5351088743433683,2,1
202,359,241,5,3.5762586094292006,0.8029261811464258,2,0
242,456,235,5,3.923846229403962,0.8803273002293812,1,0
152,431,106,20,5.416460774919023,0.9863393510794831,3,0
174,236,254,36,4.96546145810657,0.9591419442364439,1,1
334,481,288,35,4.190012229585792,0.9971178418665423,2,1
180,438,229,19,5.062801939146707,0.7616437303394367,2,0
179,311,131,19,4.068476912598234,0.5707556628708075,1,0
70,215,153,13,2.524310125992531,0.7373513615642793,4,0
264,206,135,10,3.4833526142702804,0.6817097379101237,1,0
197,201,258,6,5.447118744051304,0.7215577098849908,4,0
114,316,101,21,4.022489654444728,0.9164357641574088,4,0
63,495,244,37,2.7371487864082553,0.8420906847324051,2,1
216,312,194,13,3.3209678342005553,0.9050446253622019,3,0
185,202,87,25,5.136290648891762,0.5729465825961493,3,1
236,242,249,33,4.738169246224677,0.9115541828346592,3,1
284,117,127,24,5.239962904856902,0.7592771460903314,1,1
247,127,235,31,5.311175788321897,0.6335818139439007,3,1
108,484,276,30,4.774449834924088,0.9563745467951661,3,0
303,372,220,19,4.544006977539985,0.7638831184213819,4,0
339,295,80,34,2.631825227238833,0.7989495189332776,2,1
127,195,198,5,5.150936711083682,0.9332089624567353,2,0
277,477,288,6,4.792308516421844,0.8951489477139962,4,0
72,406,263,36,3.6283807884831805,0.7172356665637275,1,1
309,103,260,17,3.221123778221718,0.6996293146289128,2,0
64,348,156,38,5.112783380556586,0.7960515999408847,2,1
66,108,105,24,4.712220998634242,0.7071132744817112,2,0
332,188,108,37,2.947216625789193,0.6760500974310495,2,2
327,370,121,8,4.461070627102146,0.5813589044061971,4,0
87,396,183,37,3.4398843641764163,0.8470074181893724,2,1
132,375,270,23,5.126164054485216,0.6438837193869065,4,0
332,428,288,31,2.706566210798401,0.5923317281511609,2,1
105,406,224,15,2.585970727779171,0.9340278826343988,3,0
108,323,187,31,4.921466785876802,0.5156951147450876,4,1
108,314,143,20,2.9799210801337277,0.6906732586014241,1,0
73,117,218,7,3.6719374488719954,0.9290039798813058,3,0
86,170,247,15,4.813116155884685,0.5158273785204839,4,0
264,265,242,29,5.109810772084914,0.6875933916897179,1,1
319,415,146,20,4.661306148620703,0.6187429252567014,3,1
248,144,86,8,3.171726956224812,0.9740610640546823,3,0
174,370,105,8,4.995488471873723,0.8694075640290866,3,0
347,208,171,14,4.800956661774522,0.739060947815821,1,0
104,134,166,20,5.123860469691158,0.6673118361374413,1,0
299,443,200,17,5.322191016268718,0.7471312239200744,1,0
66,482,96,21,5.225728936661699,0.6057868986014031,1,0
175,449,148,13,3.1436779656353533,0.6857008362709236,4,0
311,437,127,15,3.4672002136151274,0.8767910973965352,3,0
91,146,137,19,2.601687115670579,0.5376259739596088,4,0
318,164,82,19,4.113613465268967,0.8201384658867383,3,0
207,311,221,19,5.074594118015784,0.8724381562096181,2,0
243,170,238,10,5.409542713269961,0.5310874937084795,4,0
204,486,269,20,4.570768820297181,0.9457586679089983,3,0
271,225,263,27,3.7018776133998306,0.5730237070914772,1,1
345,279,146,28,3.9202675316184004,0.5870597731767555,3,1
133,488,233,21,4.622450653233939,0.6052479243351945,1,1
174,251,258,17,4.529421258041345,0.5168554649654377,1,0
339,236,292,26,4.244351426031418,0.9347287937046427,2,1
151,112,166,39,4.248232028319868,0.6870896974762289,3,2
79,124,220,33,5.365323717404909,0.6451355684313487,4,1
129,237,228,24,4.841433677748613,0.6782624326183282,2,1
205,313,288,35,4.093261821227144,0.8744796485527879,1,1
77,329,260,12,2.6379285657589837,0.9349595157082485,4,0
99,369,278,17,4.1464256218717495,0.6374068233287002,4,0
128,312,87,39,5.225011705107292,0.7374668047728552,3,1
269,289,124,5,3.28713369774359,0.8537581395728024,4,0
285,205,172,29,4.054756327433845,0.5082181647226841,2,1
150,344,235,27,4.993108857227972,0.9637449814245858,2,1
240,488,130,16,2.980404266014123,0.6244379366708614,1,0
165,234,262,33,4.256267660538464,0.8413205230340984,3,1
305,334,185,32,5.135580023059392,0.5482634449093311,3,2
244,119,237,22,4.038585413270404,0.5722415201179151,3,1
216,498,97,28,4.018187940740541,0.7588412593821923,1,1
335,402,218,17,3.0949554296860553,0.9524608815982265,2,0
165,219,120,21,5.206790402794005,0.6551638166830647,1,1
116,116,274,23,4.13200683436299,0.9930192596923915,2,0
90,444,181,35,3.0638293006429826,0.8943753301944916,2,1
135,398,232,29,5.299874248442989,0.9708972662742787,1,1
290,336,148,17,5.317221628878162,0.5567981258367777,1,0
177,286,246,32,2.6179586596823783,0.8026755136728496,3,1
148,237,263,33,4.943267106844701,0.9593682172389086,2,1
310,326,106,39,5.457198579702775,0.7230187679959608,4,1
128,484,116,22,4.491821201776985,0.6068019720076189,3,0
144,482,196,39,4.293628503183571,0.532215337181337,4,2
282,305,166,37,3.7370402172794797,0.8131800001685199,3,2
345,337,258,33,3.384247096145529,0.7492280277447563,1,1
184,318,289,19,5.436239662527905,0.9377982507378353,2,0
278,345,135,27,4.303840843549843,0.7197664222139073,3,1
338,492,289,11,5.156315272224148,0.8658271190611916,3,0
140,130,247,29,3.837212937168265,0.9041070793406556,1,1
284,394,269,38,3.1506628898859246,0.7255174669205765,4,2
230,353,123,10,3.8470048427575714,0.9026402581131582,2,0
71,153,244,8,5.475173810123107,0.8358262456233391,4,0
321,406,129,29,5.387758799984059,0.5274308450447176,1,1
262,152,224,28,3.998072205610447,0.5862986166617035,1,1
251,321,295,32,4.39800760171234,0.7614999966211331,4,1
188,317,90,35,3.4322075351741086,0.7133520734645107,4,1
153,281,206,7,4.686123472757426,0.9324688508019268,1,0
245,148,266,37,2.6656877668923693,0.5442749889171117,2,2
177,104,214,6,3.6176951540887887,0.6665331912843153,1,0
241,294,177,35,3.555621489443386,0.9448323300270337,2,1
102,281,113,6,5.203598288165795,0.7572264133831837,4,0
342,372,224,24,3.671841651070829,0.6505313949794769,1,0
105,216,227,34,2.5374465851477663,0.7787025645401309,2,1
226,414,166,34,4.025971801391631,0.5528504217707166,2,2
291,126,137,32,2.588628630704281,0.8452284006495525,1,1
331,278,146,11,2.635125113110788,0.533590191947178,4,0
325,438,292,38,3.5354015684992595,0.9834865903986828,1,1
217,236,290,39,3.3012585869029465,0.5006169044832584,2,2
187,387,297,16,2.9419640431396545,0.7123506894295566,1,0
215,362,83,32,4.91223818570281,0.7167147707067933,1,1
149,275,296,22,4.968542169562831,0.8618560561235395,3,0
77,213,290,7,4.070480886702618,0.9547421741800166,1,0
192,384,234,29,4.20854950281243,0.7325296739414999,3,1
133,215,121,16,5.391812232743121,0.9489217784426319,3,0
141,458,248,16,4.240571161271911,0.7435510693336991,4,0
223,491,222,18,5.445324998935053,0.5388983622498054,4,0
100,302,176,26,3.9490742604537137,0.7602606588586622,4,1
309,256,125,36,4.322242382403516,0.6002611354354783,2,2
332,209,260,17,2.7499653711037517,0.744387525249637,3,0
96,258,203,23,4.6051894019190405,0.5884182756821511,1,1
181,418,283,18,3.1823523251303802,0.503777526665506,2,0
342,309,94,18,3.6802864978483742,0.8908851257450934,4,0
191,326,178,10,3.8960243106502457,0.5412258365917647,1,0
142,354,252,15,3.159662347946029,0.5174406388744932,4,0
262,345,90,36,4.175433824435928,0.660005644881773,4,2
320,408,158,10,4.422808716787266,0.8452871854292591,3,0
229,133,190,20,4.010027511728841,0.958227592739505,1,0
205,147,113,12,3.0542020082218073,0.974628853303326,4,0
309,149,283,6,2.607355636581481,0.908092757373375,2,0
252,338,104,22,3.9445864060565756,0.8888225014737129,1,0
86,197,225,6,5.448466357641671,0.9060713482098463,2,0
141,165,201,20,3.8578983745842645,0.6645730196749711,3,1
120,205,158,17,2.906928790596392,0.9877813521010508,1,0
288,196,103,39,2.5904857689535072,0.521995893323703,2,2
181,203,288,36,4.492915983467045,0.9751538326321287,2,1
296,316,167,21,4.946582153843449,0.7432919343224914,2,1
225,350,108,9,3.264454648468103,0.8659054726224716,2,0
79,486,87,11,5.45949708429978,0.7696887878479481,3,0
135,216,280,11,2.6643347316187036,0.9211795451127491,2,0
313,192,145,7,4.691906149312894,0.7955848747264755,2,0
106,465,168,38,4.591271682466203,0.7141013660598059,1,1
274,465,177,11,4.313675839488397,0.6391014435546347,4,0
237,281,226,18,5.154690912677393,0.8516561967791121,4,0
187,246,273,33,4.320368113470709,0.636756301948204,3,1
336,196,102,10,3.607555124369753,0.9213981269043867,1,0
277,154,293,9,2.8514279568294074,0.5199041336715848,3,0
218,146,218,24,2.7474954853274283,0.7946086249532303,2,0
247,346,103,10,3.4692743562471273,0.9626291801642276,4,0
209,301,137,26,4.190672538497005,0.5307064340448346,2,1
218,266,153,26,2.753223403761069,0.5913639400885913,3,1
157,421,299,24,5.11623521225229,0.6295327557577781,3,0
248,230,116,28,3.5015874272921836,0.8691313804839813,1,0
238,264,121,6,2.7832207092840604,0.6329839547048935,2,0
123,202,274,35,4.91227158404577,0.7783904354305307,2,1
225,393,259,7,3.753175259133112,0.6707264407140423,1,0
69,442,171,23,4.596815538442512,0.751545147467078,3,0
290,487,167,11,2.508926021701727,0.5618912016533385,3,0
87,362,239,33,3.7916270929795086,0.7176820989833212,2,1
268,268,220,21,3.2955154246998233,0.5515975272350419,3,0
225,450,173,18,5.076052033370492,0.7264577817606033,3,0
129,288,256,31,2.5706077475389915,0.6260676593727199,2,1
257,227,276,37,2.970472488539227,0.9136402892817523,1,1
92,469,145,31,5.439286439568854,0.5809079699232588,4,1
78,435,82,33,2.7323306976871486,0.55513845704554,2,2
105,185,261,10,3.671876172457713,0.6742199215194512,2,0
78,111,205,34,3.6651149212259,0.826748027845422,2,1
208,130,276,15,5.271316014586944,0.7818516973004179,3,0
264,374,256,15,4.5450521116575455,0.8751641851796834,2,0
247,404,149,21,2.663781589805555,0.6865929419113046,2,0
162,484,91,7,3.075357909449444,0.9384479788112943,3,0
218,222,204,35,5.311225759228733,0.7224173373478273,3,2
230,407,220,26,2.809095395686544,0.7457729841259799,3,1
320,489,212,7,3.3192752672480497,0.7216993150766122,3,0
187,134,233,33,3.1373262132213897,0.7986409697946742,1,1
105,168,97,29,3.0503511236072254,0.9261094381912698,1,1
291,378,135,29,4.732462050405012,0.9030628439629398,1,1
349,134,215,14,4.23562015643798,0.6118055626555764,1,0
181,189,105,10,3.8432929821228137,0.9806049865119111,2,0
157,140,264,24,4.836321399669858,0.9120067215587286,1,0
289,444,178,34,5.311461375898491,0.9744582611139052,2,1
269,432,256,27,4.828729741117644,0.9668677334576905,4,1
198,269,137,30,3.3760793008238177,0.5588172141381447,4,1
296,277,197,18,4.399743266456738,0.9289620327792811,3,0
139,483,283,39,3.908962749674889,0.5290094961475662,3,2
304,429,273,17,3.0901298532647368,0.7093864292756883,4,0
64,182,238,30,2.814641126063252,0.9623817053989481,4,0
283,347,196,11,4.1889051301913085,0.9335552682107229,3,0
112,101,213,19,2.7757109289192448,0.5121637969203825,3,0
247,348,154,36,4.213714602580894,0.7241957205685066,2,2
265,206,236,28,5.453224817154593,0.6149854105753235,4,1
185,194,178,17,5.203364575279304,0.6740933702929952,2,0
269,172,239,31,3.446188175830978,0.8546149649773666,4,1
314,263,187,20,3.9479429877359205,0.7779511616509432,3,0
138,221,181,21,4.191365193077531,0.5378560118794855,3,1
246,344,123,17,4.007378897425014,0.6293252358271434,4,0
146,109,191,26,4.208313120597634,0.9875560234021756,3,1
139,353,198,28,2.8010059686610598,0.9418122581961303,3,1
173,364,128,13,5.311621321491893,0.7401067714618998,1,0
179,355,94,18,4.898479792862014,0.9770888262784185,3,0
287,474,157,39,4.877980828118214,0.705969685125269,4,2
95,268,258,11,4.6775024666978435,0.6585395737808366,3,0
136,380,227,16,2.771199740037923,0.6639321903547151,4,0
195,295,218,21,3.1363259717728638,0.9641703930842523,4,0
71,155,298,13,4.381076738005814,0.867788337288026,4,0
122,446,218,11,2.9522873414872493,0.9271941020548589,2,0
172,234,296,9,3.24922319914178,0.8557061739453726,2,0
332,496,134,11,4.2076855196575575,0.5778328426359194,2,0
63,194,256,20,2.680998531148434,0.5323343397651304,3,1
254,163,232,21,2.555985179776913,0.6815989998424743,2,0
213,344,285,20,3.956068381253246,0.568300228759594,2,0
234,159,155,15,4.560714836597087,0.5022225803896387,1,0
118,296,92,7,3.78899186545684,0.8172640311287451,4,0
329,352,120,24,3.151871910837003,0.8032941145912945,2,1
339,265,115,26,2.8366633344188354,0.6135527935925971,4,1
346,473,204,36,3.699126802129737,0.7251237661392794,3,1
100,257,135,35,4.039127211627236,0.7776713920764271,1,1
212,361,226,33,3.0168038211579313,0.7413475090310109,1,1
160,116,218,7,3.3126261804080874,0.5910687965105481,1,0
316,434,89,22,4.617991399807337,0.5737517861052046,2,1
311,489,242,18,2.5767422592923603,0.6724324451768962,2,0
324,133,122,37,5.268678987870127,0.6501616788269122,4,1
247,151,112,28,3.133857946825428,0.8457325550912143,4,1
308,303,90,33,3.74508251729262,0.7653737434604382,3,1
166,192,257,32,4.7247386527292985,0.6113708589589719,4,1
326,182,113,38,3.125521848407361,0.547633915057377,1,2
262,191,243,17,5.336124343328832,0.5615747653229126,3,0
291,287,81,14,4.927842313823852,0.7151815297582411,1,0
310,453,116,34,3.2151956854139265,0.7226149905592814,2,1
306,342,193,13,3.9969538911046874,0.6823391979424637,1,0
346,429,281,8,2.555402003134559,0.6892552526923359,1,0
330,237,182,27,2.9063629433672364,0.9436057689115223,3,0
268,436,218,34,2.9052554818391085,0.8069246286186129,4,1
167,205,91,24,3.514518445836168,0.8326105631090792,1,1
92,103,233,27,3.1241598270268387,0.8199730830666605,3,0
75,186,236,32,2.9730733113222767,0.8107843262866384,2,1
94,393,97,37,2.8739819315682844,0.7320801993944206,2,2
250,340,253,22,2.9791358912836934,0.6525619539836545,2,0
339,323,286,27,4.935837416306875,0.8620573881734841,1,1
178,100,191,36,3.827622654504423,0.5605807931362468,2,2
339,263,89,16,2.6043197472904978,0.9516344522736842,4,0
199,265,131,9,3.5070496305029493,0.8318019964860941,3,0
64,340,174,39,2.6060001845351053,0.9213788344653707,2,1
349,498,264,12,4.5711425944968305,0.9258197391815484,1,0
216,185,124,25,5.19182663868903,0.6001432171949193,1,0
167,432,265,34,3.524588437527646,0.5172995394741351,4,1
304,468,152,16,2.51005017447272,0.9684888770507487,1,0
291,405,172,30,3.798445168378296,0.5056097906807672,2,1
133,137,115,36,3.618549933546714,0.759253141893147,3,1
212,170,235,9,5.02389237005063,0.9138942325967503,3,0
324,171,84,20,4.066910438610165,0.8971161880771723,2,0
176,223,166,35,5.16862344527445,0.5869133069759571,3,1
110,447,98,27,4.873813913256013,0.6659334249345689,4,1
71,289,266,27,5.090640097167231,0.5373441004602231,4,1
125,144,225,5,3.7259653442852527,0.8008826435882367,4,0
61,465,83,39,2.8015564769708656,0.8609045660867272,3,1
268,206,115,39,3.2204182424704966,0.9901587130198876,4,2
237,218,288,17,3.0483921773600615,0.7178201275648262,2,0
159,419,81,8,4.556722151748881,0.641799560099996,2,0
158,146,158,19,4.289461917670403,0.9893085925520491,3,0
159,491,182,38,4.29774862844371,0.8229452886694615,3,1
342,448,133,10,3.5097658783430714,0.6399456064566348,3,0
101,377,271,39,2.6901553131571188,0.9805343667335721,1,1
281,423,246,35,4.579140478985743,0.7338354911216421,2,1
148,373,80,12,4.367174376296945,0.8992176663944038,4,0
249,484,103,28,5.314290992088949,0.8197063624969733,1,0
335,457,124,37,5.441710825211139,0.6918014450571935,2,2
226,312,94,27,3.6947708064345286,0.8721855938091295,4,0
259,358,198,9,2.623412289154523,0.9778040196066495,4,0
230,308,271,37,4.750840045445816,0.7973002653905831,4,1
342,359,269,26,4.229798127035904,0.7716443603568647,1,0
173,159,275,18,3.9216495873522215,0.851482214922442,2,0
280,428,202,9,5.300972421019255,0.8536518379425224,4,0
193,318,216,7,5.198416476398636,0.8810640546665083,3,0
71,280,299,20,5.416625268194558,0.6229374685913346,2,0
342,171,118,11,4.801098130235429,0.9240624476863539,2,0
101,240,81,30,4.962093706267848,0.9534152989169998,4,1
230,383,90,17,3.719918396880402,0.8547283526524716,2,0
163,247,215,14,5.364739275247692,0.8691539669295626,2,0
169,134,82,28,4.578850252518416,0.6764369174308715,4,0
208,431,103,29,4.783259950864569,0.9154573649970109,1,1
290,379,116,9,3.233975301938517,0.841101546846998,3,0
347,224,220,19,5.178006426031866,0.7580588999839056,3,0
154,386,85,9,4.146647490565941,0.7422437448461071,1,0
139,460,83,20,4.313727878519186,0.7928773853021824,2,0
200,233,246,22,3.9704139668665124,0.7625375200104327,3,0
243,193,294,14,2.8260489991303004,0.6355507548502738,4,0
81,113,262,34,3.222046163294256,0.5699960164993687,1,1
243,208,160,5,3.0070839785074313,0.897946868561952,3,0
131,130,279,30,3.232743778598272,0.9893855769981823,2,0
292,224,218,5,2.780751013207213,0.6960354744799894,3,0
254,120,217,38,2.740171643326562,0.6724673754871608,2,2
261,244,155,25,2.778029024346854,0.9364217108043801,2,0
318,158,173,28,2.9679811074546323,0.7972240465737941,3,1
159,358,122,21,3.8649156477808715,0.7793804192145845,2,0
139,114,208,16,4.9417488718873415,0.921248884000939,3,0
146,460,211,29,3.428008200161339,0.8498599154501709,1,1
76,473,156,6,4.256025350259654,0.9928302371838269,3,0
148,229,122,35,5.277801865460923,0.9107347134757343,2,1
287,133,250,15,2.8874026130445953,0.5402021677169488,3,0
153,228,190,35,3.1902816009948287,0.9682494643773325,2,1
66,238,101,32,4.3040372962277225,0.9488995379523177,2,0
240,113,204,10,3.6800275894044083,0.6542575205428158,1,0
315,355,169,33,5.431698027115086,0.7839486129509784,1,1
260,411,128,38,4.0629235161082615,0.5768277764020269,1,2
120,283,189,21,5.45271312605103,0.5086076359436231,1,0
157,274,149,23,2.7042629612198894,0.8083688836195351,2,0
305,132,179,23,2.692022008823948,0.7154346162549643,3,0
295,107,155,22,3.029611496981561,0.9193867836839686,3,0
77,209,84,9,4.8979690875560316,0.7930718793946004,4,0
130,311,280,11,2.694663389365332,0.9624734761152893,4,0
245,200,219,13,2.709957406933117,0.5632609083637076,1,0
106,108,250,26,3.3135109373850344,0.6091163764656808,1,1
339,394,86,16,2.712848916459916,0.6770141805170695,3,0
110,403,191,26,5.031555231005612,0.5021342501659745,4,1
153,304,145,31,4.8862452451926925,0.8564579639870382,3,1
113,197,215,10,5.271634221368315,0.7275751507397865,4,0
332,256,147,35,5.435225282122812,0.6612778989258077,1,1
181,243,120,19,3.6524403191969066,0.9970050192592577,3,0
307,220,133,37,3.1456701835925127,0.7251899912568305,2,1
213,382,220,22,2.78196848050821,0.7194984138597288,2,0
107,430,118,29,2.8381967974654376,0.5857300355758392,4,0
214,246,259,18,4.269999714989308,0.8138848528185962,1,0
284,121,125,15,5.26530948673519,0.7029106156556069,3,0
104,120,226,19,4.646405504623143,0.553249818440724,3,0
180,322,191,38,2.8913456395371506,0.5174989814801616,3,2
257,456,189,31,2.849654998415145,0.8633377785007972,1,1
304,158,299,10,5.005767497535393,0.65951430101142,2,0
97,416,209,26,3.8701591112306546,0.5670163656426754,4,1
192,459,217,23,3.9550223021115536,0.834579334766341,3,1
162,379,297,27,5.442244535786559,0.8771492801442833,2,0
180,101,193,36,5.284207266644055,0.9779484358283015,2,2
281,315,143,25,4.2819632832166,0.7148504234124665,4,1
175,348,127,18,4.274628184799148,0.7535869380182425,2,0
179,429,216,36,4.206986172531693,0.5757844133335301,4,2
271,315,165,21,5.02864259252665,0.7511987915970582,3,1
249,458,244,21,5.064532294565319,0.6329162703919149,1,0
77,492,110,10,3.2112946668510043,0.9859984132876141,3,0
87,377,174,26,4.704822705398115,0.8197056264386868,2,1
224,114,135,20,3.0168852585604755,0.8241504050115791,3,0
201,179,295,33,4.334626753633952,0.9912123162123401,2,0
307,181,137,34,2.8201647986799854,0.5460127570682298,4,2
254,357,89,26,2.9837122916021355,0.5081521149551358,3,1
160,312,188,36,4.660376555882912,0.7855781160301549,1,1
134,405,130,39,4.147692093472358,0.5328254604959832,4,2
120,183,293,27,3.4879460665394637,0.8258010401374205,3,0
190,171,103,33,4.011262695337363,0.6439994533113202,1,1
314,491,266,19,2.685437915775057,0.7385744438550683,3,0
124,284,105,25,4.74981834827717,0.7526461340033588,2,1
110,117,210,19,3.291232039093606,0.6808395329381038,3,0
304,157,172,10,4.725852022886447,0.8871446246895058,4,0
274,488,93,38,3.3400922850451567,0.9321950035748086,1,1
86,439,220,18,2.735410815064548,0.8489012266553246,1,0
226,338,172,26,4.239438006518949,0.5662284665400383,4,1
195,210,228,26,3.5149435485114795,0.5065078549109903,1,1
326,195,106,30,2.643215306360519,0.6147071718733099,1,1
138,240,273,18,3.3265256202563322,0.5844831702278703,2,0
347,405,124,13,5.2655803902179725,0.5196328920461877,4,0
86,372,99,12,4.740335454440904,0.7588118940658592,2,0
101,173,168,39,4.5558619108288525,0.8547030123181034,3,1
202,163,268,33,4.146377123600172,0.9130236025123832,4,1
136,227,247,26,4.52640628352911,0.6454967742572393,2,1
156,460,239,38,4.656867881780515,0.9496377582553612,3,1
88,293,256,18,3.151742289610996,0.968693675716551,4,0
171,102,218,5,3.573200461837726,0.8070718942623962,3,0
271,244,187,10,4.3813344330211255,0.980422564843463,4,0
261,107,207,6,3.2199865974978437,0.7633997107651679,4,0
210,143,97,13,5.273968015725951,0.6600944585248236,2,0
246,413,108,15,4.9156081663342714,0.8652079125708407,2,0
216,126,98,13,3.217227851718724,0.9162329199000556,3,0
214,171,213,37,4.854888941868876,0.746740248788967,2,1
247,424,139,5,5.462463111624203,0.9168676084173968,1,0
315,412,106,32,4.334189565826203,0.7474828744951512,4,1
173,198,136,12,3.2333031622395465,0.9465400135001294,4,0
65,201,255,33,4.303365523927699,0.6305537420927307,2,1
166,237,123,31,2.6999748313188725,0.6381641758075989,4,1
111,425,209,27,3.302707878537383,0.6482317213308028,1,1
302,228,295,22,2.8563023220240256,0.7751211947327065,3,1
282,436,176,12,5.471593343477958,0.8760994259526258,1,0
201,318,174,18,3.0611569300094255,0.8325430290245377,1,0
297,315,247,15,5.320713854850736,0.9077312841750023,4,0
187,408,273,38,4.326577049156571,0.6897068793272406,2,2
349,428,157,9,3.8249666160709603,0.9176783451907768,2,0
190,206,152,8,2.815837728930081,0.5922945620393145,2,0
341,441,255,29,4.138617706878057,0.5840503231746731,4,1
180,161,123,14,3.5598340924639027,0.9447900400602923,2,0
273,237,188,37,4.61892056525725,0.9643630129233716,1,1
237,401,184,25,4.955822501719055,0.8831413753498771,1,1
107,444,197,22,5.398257349175973,0.5048077099067858,3,1
333,325,278,8,2.8430254604529885,0.6175155345936869,3,0
247,244,168,10,4.802958239564662,0.6476240138687148,3,0
320,373,189,30,3.593257092901368,0.7407478503308624,3,1
182,341,260,32,2.500358293718862,0.5566086883092666,2,1
341,328,223,31,4.279693970457231,0.6265854798262303,1,1
208,230,94,36,4.942064831593839,0.5689819376555104,4,2
146,190,137,15,4.381731157923957,0.6128216083786002,4,0
250,484,150,35,3.9449011979191084,0.7918668120823045,2,1
115,379,108,37,3.4725418819646285,0.6022240049325203,3,2
249,262,197,24,2.8127898556074444,0.991954224583002,4,0
175,291,157,9,5.084918923752016,0.7964539221905886,1,0
91,432,224,32,2.8685071685952517,0.6074600773446905,2,1
112,334,207,34,3.8108166685776337,0.8064460198371497,4,1
94,175,92,24,2.9603478901245643,0.620457551104096,2,0
185,271,80,38,3.859045416417937,0.8678622886602239,4,1
127,292,243,32,4.073983990764443,0.75496349577478,3,1
60,359,118,16,5.302012405821246,0.8210964635645273,2,0
108,188,232,32,5.060756301808459,0.8412778665913082,4,1
342,216,93,10,3.150398543563097,0.5712282508309714,4,0
274,309,197,28,4.610876103748962,0.8621303295195817,1,1
291,119,146,14,3.3814815810965575,0.6957505514126887,4,0
138,175,198,39,3.964833887387935,0.7747588956150098,4,1
199,116,99,29,3.094642596652761,0.5687443851061009,1,1
244,469,293,19,4.035340970201218,0.6335885749681334,4,0
278,125,297,37,2.732531763429975,0.9480952198271515,1,1
132,321,188,16,3.168001630422996,0.648944131440047,1,0
109,360,87,9,4.489926840262786,0.5878658940562194,4,0
275,462,106,13,5.207615511136606,0.9870098749717757,2,0
252,392,151,26,3.332052975353359,0.842105482037073,4,1
324,430,274,14,2.5096412588834953,0.9764187911679285,2,0
76,311,236,29,4.068932251220113,0.6190397883997704,4,1
201,204,249,14,2.652879610727962,0.6014990110522416,3,0
241,229,147,37,5.416558897548616,0.6910396267265183,3,2
231,233,192,11,3.1662382338501063,0.6955746287443956,3,0
209,493,294,13,4.497148965008958,0.8591438697348965,3,0
273,117,198,6,2.9461325900890776,0.6231705073457484,2,0
180,443,247,15,2.60372282378344,0.7441393682490414,3,0
214,263,149,11,4.422310653600608,0.5296814639144787,2,0
206,442,170,13,3.7885260019028864,0.6509366410369082,3,0
123,305,252,23,5.444070119762134,0.6199020642148143,2,0
236,416,262,7,4.860748689167344,0.9194068883081985,3,0
296,345,196,21,4.273273328036659,0.6521293389917869,4,0
81,490,264,29,2.6556390417156863,0.8633447932264776,4,1
186,135,272,14,2.6293386520728106,0.8303469504394552,4,0
182,421,110,21,2.780366943109895,0.7037442202188221,4,0
246,354,173,5,2.8423756914121343,0.8361391881291094,4,0
135,189,241,5,5.487013844498362,0.8936482072505587,3,0
74,110,129,7,4.699483325442662,0.7213416711271072,2,0
301,197,142,37,4.384341494355155,0.7651241436889396,2,2
80,455,270,8,4.339446967304002,0.8783537061464685,1,0
307,221,89,18,5.460471874521569,0.945911394055845,4,0
254,464,178,13,4.184761736537742,0.694594251215435,2,0
307,448,264,17,3.321849361764983,0.5739600444478392,2,0
62,392,200,10,4.698590725129172,0.6339707858007514,2,0
124,429,245,24,4.643324770156315,0.7112211881942853,4,0
116,224,153,26,3.9294467072267927,0.9920919251271536,3,0
172,356,238,21,4.819664552309369,0.8937237632440442,2,0
78,256,104,31,3.0284508200567886,0.8813337952301814,4,1
289,183,186,28,4.891304317586746,0.8220565701779388,4,1
348,464,101,38,3.209885349062088,0.7200696438105232,2,2
178,165,293,31,5.2756547477513855,0.5856068737303536,3,1
267,138,271,39,3.505617097989407,0.7921992959858815,4,2
104,334,114,19,3.089719953541591,0.917567478470838,3,0
191,423,203,33,3.4564934406089787,0.6217869026353134,4,1
255,192,153,8,3.4018760057617548,0.6344985672015989,3,0
123,151,255,31,4.930679500383697,0.5253705840831853,4,1
171,153,116,35,4.406128743641922,0.5508836282517298,4,2
270,447,209,28,4.652147212622273,0.7540672836812226,1,1
132,313,242,13,2.707597266166838,0.9482872898874231,3,0
183,265,102,25,3.96883781255422,0.9750471151258574,4,0
188,343,105,24,5.420964115527344,0.6331819197099697,1,1
98,306,266,34,2.516047009725165,0.545223754972953,3,1
118,211,215,11,3.337946019615144,0.9415690683856974,3,0
244,139,297,32,3.928739086286775,0.7829060219463667,2,1
134,192,246,18,4.087229018002364,0.5309181407362384,4,0
274,192,189,37,5.409230751710733,0.6998501684474531,4,1
81,125,262,21,5.206843577646895,0.6402074130841656,4,0
345,272,151,18,5.222433933528418,0.6963078409982414,4,1
96,403,134,9,3.824688220735717,0.579574713253318,3,0
316,259,229,11,5.468891136702031,0.6757698776682302,1,0
323,150,277,26,3.769867651394339,0.9453330536176399,1,1
133,169,110,31,2.6454161463925927,0.9453225101642921,2,0
139,487,263,5,5.237522456541519,0.7089960924750461,1,0
243,316,102,13,4.108818233690046,0.767003670702848,1,0
259,209,248,31,4.318081003754715,0.8596898618447069,3,2
284,437,203,27,4.969816953909299,0.7786388240291886,2,1
116,396,286,8,5.172383361776016,0.9889346714460545,3,0
128,162,85,24,3.66653237410532,0.6685737536761764,1,1
182,408,292,15,3.1172144187354975,0.6581801852170891,1,0
77,193,238,35,3.6029869830000885,0.5514656817584728,1,1
65,485,288,38,3.2979019052991347,0.9902576150996112,1,1
182,291,148,35,2.5265283122773847,0.500458237609733,4,2
344,439,183,13,3.3311119826795608,0.8816096126895114,2,0
295,304,235,5,3.475742597438745,0.9725670830282297,4,0
171,280,148,22,2.979883122674431,0.5856957165697078,2,0
179,105,283,17,3.770530970357522,0.6570573018869927,2,0
273,319,91,39,2.513579175708237,0.821899193155248,3,2
295,135,256,12,2.694877116622122,0.9276587044201028,1,0
200,141,153,15,4.066862744136385,0.8896895610844623,3,0
308,216,205,9,4.040546292239005,0.5442235737189045,2,0
163,183,268,19,2.5109340815840584,0.6880700298312376,1,0
244,207,197,37,4.176476190405785,0.7385930245663731,1,1
115,155,159,21,3.3958313753365172,0.9243118058153349,4,0
199,106,214,5,4.2342744176680585,0.8807035146400441,2,0
155,229,116,39,4.22497906617592,0.5740731339706009,2,2
62,435,131,11,2.818837004343793,0.9854428091523808,4,0
206,374,267,23,5.251007207407776,0.5848917802626977,4,1
248,349,244,26,5.210420038333652,0.6558949038579552,3,1
185,445,198,8,4.533445033531958,0.7727261491348247,2,0
335,290,94,17,5.03231065317391,0.9556795338943781,1,0
333,301,279,30,3.2307174832987724,0.8163580676397226,2,1
284,265,295,28,5.014875993600427,0.5339369618967098,4,1
270,300,227,11,2.845908161247765,0.9888020224455316,3,0
66,217,141,28,3.8679272567205603,0.5634460367591438,2,0
348,469,80,29,5.442350103270768,0.5313868102810346,2,1
62,291,274,17,3.962952475581761,0.5027208066552835,3,0
320,195,232,28,3.089866785190574,0.9146233812309019,3,1
125,487,245,24,3.90437408721426,0.8390088665944251,2,0
216,474,214,26,5.092058261711493,0.5823397294498888,3,1
324,474,108,7,3.1632110183476674,0.6180014823170308,3,0
98,159,104,31,3.2166297380090896,0.5629049975342568,4,1
91,188,105,29,4.626208409146377,0.8248370382855597,2,1
128,287,225,17,3.710102814175268,0.795412111083095,4,0
286,306,299,30,4.763462935549674,0.9164012470142601,4,1
116,124,145,26,4.468887981468596,0.5572134870784107,4,1
124,421,194,16,3.2764927339833756,0.9138810021026582,3,0
287,235,146,17,4.5222751015075,0.7848322909827913,4,0
130,428,190,21,3.7273905681830626,0.5134654089230639,3,1
195,267,195,6,2.818223687712021,0.6921154500451212,2,0
234,280,239,39,2.9707722389456466,0.8403701333940442,1,2
243,259,268,38,4.968123701081619,0.8408176373841868,4,1
140,205,186,24,4.999205100590591,0.7310014121813828,2,0
64,465,174,10,3.078532943906714,0.801224920734039,1,0
322,249,163,13,4.999052677297056,0.5850866126560448,2,0
289,423,299,19,3.632219818106025,0.6841651770221273,3,1
128,354,260,12,5.48362071642836,0.8876268889292919,2,0
186,179,110,7,5.218917312072206,0.580898361708807,2,0
286,355,184,11,4.383213819278891,0.8581910014200518,1,0
292,109,91,20,5.458466034213513,0.9029461455890617,3,0
102,211,179,15,2.5935918285677113,0.5672717914730498,1,0
94,468,96,29,3.940310744148176,0.9986602703717145,3,1
60,144,279,29,3.5270930578611424,0.5074912077345071,2,1
108,487,107,33,4.283904360647987,0.8721695474013897,4,1
299,436,206,5,3.9388015041231332,0.5426096424612358,4,0
305,319,215,6,4.756022874597473,0.539802637077516,3,0
320,480,168,37,4.796448128363842,0.5305343033952234,3,1
253,496,209,29,3.035830953812133,0.9391176317173011,3,0
130,173,80,21,2.5490108977638335,0.8409787273614717,1,0
134,311,105,25,3.1129035496439004,0.7538988784182801,2,1
247,381,111,38,4.486202869650013,0.6334670821819064,2,2
214,393,189,30,5.4694515749493435,0.9532350081867922,2,1
194,326,182,16,3.6626908408791112,0.7427369938935668,1,0
238,286,101,24,3.9795034303571244,0.7662022251493039,2,1
275,408,214,11,5.422787311787144,0.5785147588060312,1,0
240,350,285,12,4.438019376098227,0.8107029343416056,4,0
259,426,136,14,4.717558826763597,0.7605213892898361,3,0
294,400,156,32,3.27831000972597,0.9332388727383168,3,1
308,367,138,9,4.629940753405937,0.7083996390611318,2,0
140,445,251,35,3.8268545230666136,0.9703914017790198,3,1
95,312,293,10,3.157317538106155,0.6664443876244894,3,0
72,141,257,21,4.618479299579528,0.8834006059527999,4,0
111,479,134,22,5.119396522508952,0.8962162711985141,4,0
261,355,283,17,5.1356126158111115,0.5561812604988317,1,0
117,231,124,6,4.259804102706846,0.6643518676558424,4,0
280,315,88,27,2.530432522173638,0.7579898323298666,4,1
161,230,224,35,3.90002050553123,0.8815469211863978,4,1
205,332,299,21,4.155600031009308,0.8293006563233224,1,0
158,462,174,22,4.949912901921457,0.5770744973757077,3,1
212,220,104,30,2.873169873049854,0.9541310929307718,1,1
224,484,179,5,3.2505232089543927,0.9522944206364676,1,0
113,109,82,23,5.25555139424335,0.676319518093552,1,0
227,433,97,19,2.92725801568528,0.6714816109227497,4,0
325,275,259,35,5.109707237281636,0.9222763050863996,2,2
165,311,296,39,3.84943904021738,0.6519401911496039,3,2
349,216,204,15,5.107132661414692,0.9959191931379021,4,0
112,467,292,36,2.6274307400610417,0.9521823715015869,2,1
300,238,285,23,2.8167537135878122,0.7469426188539687,3,1
156,215,109,10,5.227421619647182,0.7083542456323701,1,0
157,234,269,34,4.871766620359454,0.6258600108112021,1,1
78,146,151,5,5.321529643491177,0.9891100582507373,2,0
342,251,116,24,4.817507960057583,0.5683206849470509,4,1
148,425,99,5,3.174356503213395,0.6075423078760851,2,0
170,192,166,16,3.193580965901276,0.7754012815783002,1,0
156,263,250,16,3.6409520655611973,0.939885010684015,1,0
208,115,92,20,2.9079413327094183,0.9479978723286295,1,0
284,124,299,24,5.3202689397525464,0.5902024290909453,2,0
240,214,157,37,4.333108266854689,0.7089015742884827,1,1
193,428,182,32,2.886689867054203,0.5232637155935664,2,1
133,168,189,6,5.31301550475425,0.8625560653489355,4,0
87,425,184,27,4.718814099886231,0.6450983178823728,3,1
208,162,285,8,3.8819012347882027,0.6398214913345289,2,0
294,153,279,15,3.9755636497871127,0.5156061131196257,3,0
297,461,255,16,4.242899114271379,0.8681263721113566,3,0
279,418,214,31,2.520662446858962,0.6861667256864705,2,1
257,480,223,28,3.376408339634508,0.9670505324373837,2,0
249,404,236,33,4.475572221752355,0.9477570263217949,4,1
191,155,189,28,3.0022483250911893,0.9259694157844833,3,1
321,186,238,34,4.403977082348751,0.8999766289952638,2,1
260,130,254,33,5.085941304641795,0.6097206591270832,1,1
266,251,264,12,4.991891708063897,0.7849151206346794,4,0
150,265,223,21,4.441805295171628,0.8843043300223334,4,0
175,159,168,38,5.321125147836681,0.5652129530532188,1,1
333,100,282,23,4.679021973191436,0.9131748153097261,2,1
289,306,147,32,2.7594614464096825,0.8265849718469118,4,1
89,105,210,6,4.337363931982706,0.8123284439506111,4,0
159,219,90,29,5.19919854228671,0.7443550195670897,4,1
168,147,290,20,4.035319816603509,0.6357942876394526,4,0
66,483,156,22,2.6915734600767225,0.9744222741204467,2,0
245,418,124,26,4.517146954792899,0.8068827996763714,2,1
313,178,246,30,3.26434162127493,0.9511214348933935,2,1
219,113,108,15,3.48638456592617,0.5766630144088527,4,0
280,348,215,28,2.7057448176375307,0.5291078660159929,4,1
190,180,299,17,2.5339903374992376,0.6509533370600309,4,0
212,200,180,24,3.7698492515898683,0.8388185145883362,1,1
216,320,189,13,4.7675360717889665,0.6637170401509263,4,0
279,384,197,8,4.737295946358546,0.8923508796918733,3,0
75,218,154,6,5.382410891106578,0.5444226228093959,2,0
137,333,172,29,4.7205434584727595,0.958337714072805,1,1
298,377,228,28,3.2823646507036464,0.8508037354545557,1,1
333,235,192,37,2.9963068527907533,0.7351346911549681,4,1
221,101,185,10,4.4228345311085455,0.8626716789255156,3,0
193,336,280,24,4.430809971825946,0.728218211241245,2,0
87,151,159,39,4.18170318116734,0.8192923559742922,1,1
233,287,209,24,4.962336321438517,0.839685904048086,1,0
92,217,83,21,4.218730346800563,0.6636610946784274,2,0
280,321,124,35,4.041298286734055,0.8093545524172607,2,1
75,439,176,20,3.5561439231907968,0.9124212891018324,3,0
136,460,84,18,4.9031636580047575,0.9763097515188557,2,0
103,195,285,8,4.307951317008044,0.8860364432078759,1,0
155,446,193,22,3.5619356361468166,0.6323580931946989,4,1
154,127,283,12,3.018536807345133,0.9765422410535662,2,0
120,174,169,36,3.8247678520941606,0.5120714899949311,4,2
279,443,205,6,3.796906642635915,0.7777741029056768,3,0
152,101,128,24,5.278499766525395,0.5977291890794374,3,0
146,244,245,37,5.420508602335732,0.719416386786599,3,1
248,265,250,5,4.3903065116757185,0.8158124700023286,4,0
259,274,106,6,2.8585858462287153,0.5833290391443473,1,0
136,299,223,17,4.672484067534959,0.7209638305598846,2,0
342,277,273,22,3.3469427387803856,0.9883684082911325,4,0
121,291,200,9,4.607105500206625,0.5359208403022653,4,0
263,331,194,13,3.9803897423980867,0.7379341849464416,2,0
293,430,146,22,3.7645176546504056,0.6232171108357976,2,0
275,115,288,14,2.627461775848058,0.9243324581804714,3,0
328,320,113,11,4.319297551614074,0.7204180096838346,3,0
192,488,123,13,3.4215700838018877,0.6110580370336918,3,0
71,132,203,34,3.105737336772659,0.682789132633574,4,1
70,311,126,24,2.9089762887355675,0.88714917183808,1,0
244,337,153,10,3.0269725544408184,0.6557432364572723,2,0
137,153,197,28,3.9588362094249554,0.9676151275072726,1,1
62,140,114,33,3.1746557108161357,0.5596942579249389,1,1
324,136,247,35,2.5930911329193362,0.6188462031242966,4,1
259,421,89,33,2.8073642956920652,0.8686335569621746,1,1
317,337,152,8,3.3223444459312037,0.7880853639429714,2,0
331,339,285,14,3.658130294366826,0.9376776224552699,4,0
223,370,230,19,4.750904378507048,0.5376626986058406,1,0
325,291,282,21,2.5095026331214063,0.5869577822061607,4,1
203,338,238,38,4.576397092784837,0.7299872495014015,3,1
139,488,224,8,5.330367613172008,0.7558639401766782,1,0
99,264,285,35,3.301879674489017,0.8509192859235735,4,1
204,350,238,32,3.352384560709576,0.8313826574264632,2,1
304,287,160,14,3.439009497174596,0.6242046649349622,3,0
102,296,134,23,2.675311003082658,0.6032102152819772,1,0
196,436,235,14,3.385662107973104,0.7082042007895685,1,0
215,366,190,13,3.503331273606751,0.6470732232470555,3,0
347,446,106,7,4.65400752511684,0.8326355774788328,1,0
98,198,171,21,2.626448807123528,0.9038104466852896,2,0
104,119,80,34,3.179227904595816,0.8536337767277135,3,1
101,315,171,34,4.553633441390421,0.5724104228702673,3,1
240,258,255,24,2.5008799062532585,0.9879078957866627,1,0
160,380,184,29,3.470252422099102,0.7689742759949783,2,0
318,351,174,32,4.592269948700203,0.6582000885294698,4,1
163,281,272,27,5.179537446584038,0.5418323311979291,4,1
70,318,81,17,4.782565987455813,0.6083628643183925,2,0
337,226,236,26,5.465936051727833,0.7780277390653688,3,1
196,383,193,21,4.511638596844945,0.7723985669459448,4,0
307,162,85,12,5.432066515799761,0.7579321601839157,2,0
226,424,282,26,3.1548983490390383,0.8099731325327053,1,1
252,146,280,6,5.073901680051908,0.8062886804020086,4,0
192,312,280,24,2.90922503401612,0.6948181926765329,1,0
207,474,197,14,5.119494951879143,0.9047781265806887,4,0
295,136,187,18,4.264722872751587,0.6416799479495514,4,0
129,239,200,8,3.413386512575729,0.9363644296276168,2,0
206,118,229,22,3.836310299972939,0.9052696603599644,3,0
315,162,273,16,5.385338857675338,0.6534297958001167,3,0
179,115,122,26,4.892946602792447,0.7224660629129853,1,0
287,181,202,35,4.885897179079648,0.620076134925825,3,2
196,283,119,5,2.506743367431252,0.8389130895426564,4,0
349,277,161,37,4.196087839839649,0.5853022694743885,4,1
72,268,194,30,4.205405848642089,0.8917348009226445,1,1
332,143,122,9,5.458545774497016,0.7210849923518637,2,0
324,109,104,39,3.747403013875765,0.8460572585466928,1,2
159,190,174,14,4.150391657339663,0.6575948457645676,2,0
86,471,135,35,3.8704199183891994,0.723902012937944,1,1
189,160,115,16,4.635659397448881,0.8537066608483947,2,0
187,206,179,32,4.4122541889300555,0.6099177913045573,2,1
298,122,80,6,4.190355498393879,0.9553320561296504,4,0
153,353,82,18,4.130209889891798,0.8647758570984545,2,0
243,240,240,5,4.7602090371051435,0.8224244402147778,4,0
252,473,179,12,3.9656210321809806,0.5574824255037925,2,0
237,379,95,33,2.607825275460452,0.7644244244393881,3,1
314,111,99,22,4.375869355647333,0.8138818170786057,4,0
268,102,157,18,2.7016473986889764,0.7735350340067588,4,0
157,293,204,26,2.7730830917370213,0.9847678253808134,1,0
222,485,154,38,5.113429650802104,0.5134274382528455,2,2
78,443,88,13,3.507635036482106,0.8029603988075404,2,0
67,306,169,36,3.4284437887608528,0.9024451197735475,3,1
259,364,115,5,2.7759674345156538,0.9249524473182513,1,0
232,445,203,12,3.6687447058705214,0.8255750506270172,1,0
130,401,178,25,3.4658596020070296,0.7760325022653163,3,0
186,118,172,6,3.2131420490918687,0.9498131705493584,4,0
175,430,230,18,3.1923458192227305,0.7854546177176753,2,0
311,327,253,16,2.7838551177673008,0.9330063258245738,4,0
246,380,216,34,3.0158462153159014,0.5469810171951335,1,1
203,422,131,14,4.581549214559617,0.7542658363127358,4,0
61,260,168,9,4.205594286343567,0.8118525072130633,1,0
276,102,116,22,3.422026382961421,0.7200720526051396,4,1
166,176,237,35,3.7066257196389314,0.8514610312577284,1,1
69,418,220,25,4.699074122830542,0.9648485777193248,1,0
271,282,201,38,2.8448898935330416,0.600893090854935,3,2
198,226,211,37,2.802987670240365,0.7927035127693212,1,1
232,489,233,38,3.8211045354623776,0.5827609169296717,1,2
120,145,136,28,4.859185615067547,0.7053071167503328,3,1
342,125,293,24,4.544304273487985,0.6792406578957653,4,1
163,197,181,36,5.261549327631382,0.7785204082709386,3,1
113,453,271,35,5.017562680582099,0.8303686783867139,2,1
157,371,244,30,4.996784268641864,0.7962551953743668,3,1
115,179,199,19,3.211671602442393,0.9953996349135246,2,0
294,146,124,26,3.495853770608738,0.8763106697276859,3,0
307,486,159,13,3.06905518656903,0.7731600984812665,4,0
165,279,197,25,2.615795420388295,0.8511251579767736,2,1
265,240,196,14,3.5293127916690077,0.6000954895713589,1,0
184,168,112,37,3.923116085329303,0.5164909453297505,1,2
158,298,138,24,2.9424609389454366,0.5350361520922693,1,1
304,416,123,39,3.1086809599864265,0.565189699761329,1,1
183,226,166,19,5.294743506265835,0.6293212875958927,4,0
170,389,219,11,4.620008745596497,0.6678673680664985,1,0
320,170,98,27,2.918842342721811,0.6381162565730508,2,1
325,222,199,17,4.240494157851648,0.7865293226861527,2,0
259,232,243,6,2.6971122490615924,0.8248049210071331,1,0
184,223,219,38,5.460818302689534,0.6070273674604452,1,1
158,393,109,10,3.5667019446817965,0.722365003912103,3,0
340,192,160,11,2.9013718447647294,0.7939602553851013,4,0
96,157,158,22,2.6839921707818677,0.8902347513180674,3,0
119,403,239,20,3.7681281540286595,0.7614479362584523,2,0
327,336,265,23,3.4783573080856294,0.5613554540330465,2,1
71,150,80,21,3.067467618366151,0.9807611514213416,3,0
242,233,118,26,4.592100123725412,0.6948872592908452,2,0
71,344,218,29,4.050861086620582,0.9042031678136704,3,0
311,331,250,37,2.913080225142268,0.6786685616335427,2,2
180,353,181,21,3.51661509572396,0.9316574655634797,4,0
271,168,205,27,2.536349180428531,0.6271224420538474,1,1
74,161,172,23,3.3669849855235836,0.9930390931894215,2,0
278,256,211,30,2.9118820437126,0.828961893553287,2,1
346,378,99,21,2.864462552072963,0.6085179817599,2,0
224,229,139,37,3.8968499039693967,0.6247843314487749,4,1
105,331,266,12,2.6622639600152915,0.5793944233824486,4,0
99,183,181,20,4.550581019627643,0.7622047471475271,4,0
193,116,287,38,3.250042698281208,0.5851092383493499,3,2
100,440,188,24,4.848660858366811,0.9652997477362757,1,0
169,354,206,8,5.11206880720437,0.8031914591667715,1,0
65,408,238,25,3.394115930639146,0.9031035728422652,3,0
72,238,273,9,4.3369487390734704,0.6811202793999318,4,0
247,292,235,33,4.255757944286514,0.8029665958959848,1,1
199,478,280,17,4.170341099882041,0.5661574350195018,4,0
131,437,218,34,4.600880673305987,0.724625227578409,2,0
116,157,294,31,4.579592776306798,0.6738424807160859,3,1
153,469,259,15,5.408807428196569,0.8207102729434315,1,0
309,295,281,33,3.250577139595447,0.6615915097985328,4,1
332,437,208,39,3.922046603434842,0.8890408818922816,1,2
171,109,82,36,3.106200059373669,0.7225035840970364,3,2
73,234,265,7,4.793795168497182,0.5403995731810789,1,0
301,394,120,6,4.04309658399842,0.581339844918777,4,0
207,282,231,25,3.5170148385755384,0.8556319936419245,1,0
289,269,217,17,2.8440709195274785,0.7684077743299044,1,0
101,146,146,6,4.6223702337118,0.747713386732137,2,0
315,226,239,19,3.584416726038567,0.8421680676806772,2,0
201,455,257,14,5.450187074798487,0.7958638392745868,2,0
293,275,141,29,4.13763987298168,0.7930829573035011,3,1
204,398,108,35,5.391307508138949,0.5627267156844038,3,1
331,407,217,29,5.126132272203913,0.7208393871258983,2,1
253,162,176,22,2.7678128774088213,0.961328762931394,2,0
259,424,202,29,4.108047612397019,0.7982559420880219,1,1
78,371,181,32,4.041066276997213,0.9089060363283492,4,1
250,460,245,13,4.543013675398045,0.7760761585465403,1,0
195,154,260,35,2.510541867612989,0.6027394620781255,3,2
105,172,266,7,2.8736098648053323,0.6189391704557763,2,0
282,134,279,28,5.13012546267588,0.8607819353278291,1,1
157,150,278,19,3.5512923173565256,0.7659994118910618,4,0
92,223,223,29,4.260028601233825,0.5805370768074518,1,1
331,465,162,5,5.222392177486144,0.7200990886916646,1,0
334,178,274,19,2.9387482035530614,0.835881869869961,1,0
118,432,297,29,2.9855481106853876,0.5791138317929596,3,1
152,481,119,25,4.473101580157342,0.7384278299981244,4,0
283,113,284,25,3.1903217042221166,0.8688235031375624,2,0
147,355,106,14,5.298747098367633,0.9015303503360041,1,0
144,432,125,36,4.596576614266572,0.7798836330972163,4,2
116,149,127,34,5.233541941131305,0.7502313556838481,2,1
305,481,287,36,2.833967360509568,0.6905055989193687,3,2
317,225,210,8,3.92284772068019,0.8749642128759305,3,0
251,141,105,8,5.119262759156598,0.5662149787060151,3,0
112,119,186,37,2.833042394483897,0.6343379863531109,1,2
308,109,295,39,3.620973894532857,0.7993200016003698,4,1
207,413,162,20,3.2967101810735553,0.9084494866920969,4,0
334,310,297,27,3.3453510908763553,0.5038816808062639,1,1
223,401,269,11,3.613447858816099,0.7780152537612477,4,0
86,435,101,17,4.856855845739014,0.7525062071100719,2,0
197,227,105,16,2.92334749327172,0.6523435598015892,4,0
243,251,215,23,3.785988975057456,0.7226933049230753,4,0
150,282,119,22,3.698972717055792,0.8496812529303079,2,0
200,491,192,27,2.6255606375132823,0.8362347485832167,3,1
76,203,238,37,5.193923325181126,0.9138001721079545,1,1
137,166,238,20,2.8928187693712224,0.8070801289020255,2,0
305,151,191,19,3.7379144050655686,0.7940045209962472,3,0
182,477,85,9,3.8116879780321407,0.9465477740604984,3,0
278,197,119,12,2.528371686024988,0.5785152060691467,1,0
305,311,148,24,3.8980016258505583,0.5664980599432791,2,1
69,384,253,11,4.2599284157428166,0.5263673482347451,3,0
74,421,213,34,5.091778169295544,0.6486911896047612,4,1
251,108,149,8,3.8888173805362154,0.6073667843615719,4,0
142,354,142,33,5.17249327875078,0.5218267423202048,1,1
299,344,151,17,2.902083118858531,0.7038794442059395,2,0
252,236,110,31,2.914254317924387,0.9035703785357029,4,1
329,198,182,21,2.869980201768323,0.6044931362008199,3,1
94,341,209,28,3.338378355149677,0.6106598934201888,3,0
288,337,183,35,4.100458811181726,0.7096278380164027,2,1
259,394,215,16,5.455533256247229,0.9992868913113355,1,0
184,367,253,31,3.9309308250413766,0.8064071368456104,4,1
232,442,185,15,5.3878525410805125,0.7337192224471629,3,0
126,336,165,22,3.1567018410218664,0.9950813762694719,2,0
162,184,184,7,4.547552590509776,0.843837809024154,4,0
323,413,250,16,3.1271992058551152,0.5817732108187361,2,0
348,270,166,33,3.3759927917252175,0.9505351000978947,4,1
238,303,296,15,5.3878743004692655,0.9008881639792352,3,0
180,378,110,13,2.6709428295008335,0.7620850190358217,4,0
146,152,294,19,3.4319766235949323,0.8946172783065206,2,0
287,384,278,31,4.08554340736916,0.8676717055453051,2,1
328,341,260,18,2.6670764809616827,0.7718297594249504,3,0
93,459,125,8,2.631966040842796,0.5828814693197011,2,0
325,344,261,31,5.108111426112116,0.8124669774860633,2,1
146,295,192,19,2.8847732960029155,0.591585447225742,3,0
102,305,90,31,5.187413697609722,0.8386766106637511,3,0
140,228,197,7,4.771534245740197,0.6973228892226839,1,0
286,412,162,37,5.004370869542868,0.5060451715720277,2,2
86,333,256,5,4.696063689031536,0.9071700528222542,3,0
336,237,202,14,4.09816012501919,0.5635536321959906,2,0
195,432,191,35,3.5474598879784818,0.8684145220393609,1,1
177,224,185,22,3.9041529994679256,0.9613719874206825,4,0
321,414,159,10,4.829751862409825,0.6392775359820129,1,0
195,246,208,7,4.9610455690696895,0.7233923218466788,3,0
150,463,295,15,2.6209589979645376,0.9890098815898603,2,0
178,136,143,37,4.998356071980968,0.5530821280966276,3,1
331,253,252,29,3.317105232464107,0.666687273844015,3,1
195,474,185,39,5.432498113176314,0.7927896333914615,4,1
304,463,227,25,2.993745085729055,0.6073280305471738,3,1
197,222,138,31,4.330866049850648,0.9340923873878539,1,1
258,381,192,24,2.9632149392415164,0.703508978323956,3,1
342,424,192,20,2.635496730862636,0.8003859438743808,3,0
247,237,288,17,5.152635306763215,0.6848729277033844,1,0
319,213,131,9,2.670137446956756,0.5016958516941428,4,0
252,299,112,14,4.596787046107395,0.7735993606850595,2,0
118,423,292,27,3.8621313017296406,0.7342185063124602,1,1
216,454,138,23,4.594840556655367,0.7934583447007082,3,1
171,266,201,5,4.625401838434687,0.7078876246634969,2,0
203,429,139,30,2.593312407718323,0.7037040380792474,1,1
218,214,160,25,3.561145278676528,0.757744608183493,4,1
180,496,118,38,4.347134132450553,0.5994644900686206,1,1
127,204,239,36,3.224235319149544,0.7637081680949684,2,2
272,174,194,32,4.354399026939901,0.7087685038947337,3,1
100,392,140,6,3.581828958266915,0.9978474636465504,4,0
69,354,212,7,4.531718529587292,0.8905488640138015,3,0
343,368,131,14,5.140027099562803,0.8220849073611081,3,0
102,194,117,19,2.7596839292992748,0.7450309804536646,3,0
283,385,94,20,3.033237314427198,0.6708483813400272,4,0
239,353,103,16,4.276220253356061,0.5577049624803367,2,0
265,425,275,34,3.717414655079322,0.8647919958003834,2,1
112,398,166,15,3.656403254251031,0.5851263355952777,1,0
114,230,223,23,4.595050310977493,0.8090455549733828,4,1
238,461,235,5,5.060505881468481,0.7680150665111017,4,0
346,252,216,38,2.7695122640774894,0.5166251876608199,2,2
248,196,98,8,2.8102343803306686,0.8541581410193501,3,0
176,423,187,33,5.147837775429192,0.6601740519729581,3,1
182,403,89,15,3.527124277699448,0.666548652488848,4,0
240,242,131,20,5.012696156134559,0.6325398807920979,3,0
219,193,97,34,4.298144086528007,0.8875630012501992,3,1
265,173,234,38,3.960363355164109,0.9244490371079557,3,1
77,484,271,20,2.6191654122512333,0.5650854153002878,2,0
114,120,179,7,4.476891442979642,0.6482109222332697,3,0
318,235,246,29,4.364507679538909,0.8159300819291838,3,1
189,401,167,34,4.411492903699041,0.6893340139555586,2,1
234,104,294,8,4.937170007387877,0.553782547029722,4,0
265,131,183,37,3.1747294161662016,0.7883723775516221,2,1
198,228,150,22,3.578664472439343,0.6040616709477551,3,1
307,244,175,22,3.694335609534872,0.798912913899462,3,0
211,171,229,13,3.722637410760778,0.8018423053512714,4,0
257,467,299,25,5.320136227790598,0.8410344017012699,1,0
167,238,295,14,3.156845528954827,0.874856413194576,2,0
120,407,185,30,4.264187044838038,0.7513720187157351,2,1
69,119,113,36,5.4678140155723804,0.7963897614118505,2,1
263,413,177,26,3.733104143561529,0.7413599738990324,4,1
246,326,155,5,3.5345375028276624,0.5539396308471463,2,0
287,478,102,18,3.124848199423128,0.9356291627786223,2,0
205,450,82,5,5.361134609126082,0.9738509009803908,4,0
165,134,193,32,3.1555052208787275,0.5981077238556765,1,1
311,405,270,18,4.8235526692721304,0.8295017260913824,4,1
131,162,96,35,4.759781959471125,0.8723027037613456,2,1
267,318,279,5,4.425930640265242,0.7010495182284817,3,0
172,134,80,18,3.088962892946622,0.7060745546019636,3,0
111,339,138,6,3.2083859331744624,0.8863817200240518,3,0
103,254,234,13,4.852661122949037,0.5912448426814507,4,0
195,304,239,28,5.266774670177425,0.763953786249773,3,1
328,494,293,20,2.999857608472928,0.9239688767186479,4,0
126,200,135,8,4.360846802161504,0.7899801790095786,4,0
274,183,211,22,4.043463400002264,0.7297306028540052,2,0
167,312,214,11,3.080204279585989,0.8141833564044377,2,0
62,367,103,10,3.7325906418826142,0.7158756742774922,1,0
341,465,101,16,3.099005666526129,0.5997788181942223,4,0
216,436,214,37,2.86975528085992,0.610613005538887,4,2
229,151,262,35,3.286701965311023,0.9793940859730172,2,1
255,314,197,14,3.00199447813344,0.8103426958111601,4,0
138,475,143,20,4.8594335017366594,0.8385426786993386,1,0
156,212,298,7,3.779135011591468,0.6141167814079986,3,0
264,103,103,8,4.725191316197298,0.7399124925893055,2,0
99,152,84,9,3.4284730479631595,0.7390404343905541,3,0
288,445,207,21,3.8867622275882514,0.8727171096772135,4,0
265,160,288,22,4.898535656473548,0.61421209521511,2,1
276,253,151,32,3.7075618463149613,0.9890525500694798,1,1
143,373,229,23,5.481699182056445,0.8647275761308666,1,0
177,122,85,11,2.6508106881910773,0.8311077213526419,4,0
202,373,158,35,4.55367597993122,0.910794502860308,3,1
225,156,222,30,5.27844407497421,0.7581374561232556,2,1
78,464,109,34,5.459503269749402,0.6333965157098167,1,1
218,439,203,12,4.645312329646211,0.9112847683526937,4,0
171,485,99,11,4.0921299399788476,0.8969777600581228,1,0
149,389,101,27,4.930520724047192,0.7330147554032294,3,1
141,450,88,35,2.702149061985608,0.753241018609993,1,1
269,413,289,23,5.211897081771465,0.9593467231030748,3,1
126,482,290,20,4.563491227614007,0.893691008358867,4,0
323,148,256,20,4.065854411802267,0.6557050507922296,2,0
254,399,191,16,3.8594582199280802,0.8933920368146708,2,0
194,367,277,37,4.211561275614219,0.5596419631982514,2,1
349,293,265,26,3.518517342596114,0.5921742550062794,2,1
284,250,233,8,3.1908713770483152,0.9027842214624144,3,0
250,173,213,19,3.6012552224977403,0.9677492797461302,4,0
261,177,221,31,5.1104794887667815,0.803234425161439,1,1
145,360,289,11,4.312611126927532,0.8474439772566462,4,0
236,499,203,32,2.537929069465754,0.8115719685110654,3,1
240,410,245,16,3.9643408451004,0.5000365007933979,1,0
249,144,216,15,3.218002655280801,0.6525863701912308,2,0
268,193,267,21,3.171802030724531,0.5139822549682675,1,1
234,318,84,36,4.983037989399715,0.5742457374247935,3,2
85,361,198,22,3.434355524594453,0.7924029994452976,1,0
267,337,129,32,5.097157109947661,0.5140932740460968,1,1
81,370,207,36,4.732563319128294,0.6671406808354656,3,1
108,470,137,13,3.7628215837004553,0.8767340379727804,3,0
102,323,120,39,5.168458033395529,0.8825055551826898,1,1
261,454,195,5,4.434282956378811,0.9193673977721497,2,0
242,413,248,39,5.23242201140221,0.8011444495515425,2,1
307,403,97,12,3.20592496232826,0.8127718206828682,1,0
201,363,140,16,5.45061480153313,0.5846648239000312,1,0
206,472,107,28,2.6339854649005394,0.8623493097675022,3,0
310,213,187,26,4.009596420497966,0.5905953574492127,4,1
187,160,204,6,2.779849704037222,0.77864641746665,3,0
230,445,298,27,4.3096633108253055,0.9824654738666536,1,0
306,143,211,15,4.6419197683209,0.6907468506420433,1,0
202,297,229,8,3.690518878820493,0.586984150090507,4,0
252,446,92,7,3.6340781162842135,0.8992894137207936,3,0
60,189,200,28,3.158115592303788,0.5469108295582698,2,0
317,276,289,28,4.257484689361088,0.8318093290907236,3,1
237,219,108,23,4.88558992197462,0.7659696149483097,4,0
299,470,156,37,3.2989489667160936,0.8894202065390864,1,1
303,306,110,30,4.636228042408382,0.711038601459913,4,1
61,469,124,35,3.6459236099339885,0.5039387826793699,2,1
72,314,137,37,4.235229745216572,0.7683563652261358,1,2
66,330,236,17,3.339348380824129,0.7245415353322593,3,0
144,172,237,26,5.472822222643796,0.544342313966325,3,0
278,206,214,23,2.606188390724944,0.6222101674046021,3,0
150,196,186,20,4.124871597495499,0.7388870740726694,1,0
278,433,209,14,2.6171006805874772,0.564120427909424,3,0
304,288,182,24,5.02740246056052,0.755800561149341,1,1
274,190,276,17,5.215969894239896,0.788631218931398,4,0
65,396,258,35,3.2887052308177487,0.7709525175098184,3,1
62,280,232,33,4.050866752848807,0.6053466135597217,1,1
278,277,159,24,5.431394873741429,0.6463498744744248,3,1
272,402,93,25,3.7285887601994014,0.6254689533878539,2,1
297,432,155,26,4.1146141600103,0.7239955422613336,4,1
279,488,176,23,3.6168505495113763,0.9642592309467106,1,0
283,409,158,7,4.133550258044077,0.8456398579214335,4,0
118,306,249,15,5.493068795503893,0.8078401775144792,3,0
134,264,192,29,4.935011033005056,0.8092309081827215,3,0
288,459,227,15,4.870695145078051,0.8073885440385975,3,0
218,447,215,28,4.0918660274791625,0.6193004563213151,2,1
149,419,225,12,5.276069023338724,0.8474404596689877,1,0
182,357,250,20,4.626189226470298,0.734264951667216,1,0
233,498,100,13,5.215187392562882,0.7610322273417587,3,0
286,325,167,5,3.396215727716588,0.7907569394850427,1,0
300,241,173,14,3.1903631618839325,0.9983915317049612,2,0
227,349,299,16,4.473972415286793,0.8633147131223806,2,0
175,233,232,17,4.763290934974229,0.5559742687003019,4,0
322,176,102,26,3.4020945592636096,0.5724070145849487,4,1
307,127,264,7,5.424477812977285,0.7920057323619165,2,0
191,380,165,19,3.2473127528839627,0.8311614012945481,3,0
317,204,234,37,4.187668199531704,0.8398102028454909,2,2
156,272,246,17,2.5536766290292428,0.8246657264197141,2,0
311,219,139,9,3.0738139749828814,0.6246204402726331,3,0
193,488,252,21,4.535770198393573,0.7439402396310415,2,0
202,323,130,10,5.198823073565013,0.759696809471901,3,0
322,462,136,22,4.438843382371503,0.9034518428585743,4,1
291,236,289,15,4.4295708117005645,0.713213912338746,1,0
231,183,267,25,3.625694845212788,0.5672366068885669,2,1
122,208,279,14,3.076258519041126,0.6679654088878054,3,0
329,198,110,37,2.578332562323072,0.8213661363099729,3,1
210,380,270,16,3.521494852516543,0.8823132174295416,2,0
136,293,285,37,3.548550167352642,0.8586135561143908,1,1
178,162,198,7,3.8163874708232717,0.7240013244159382,3,0
309,203,285,38,3.156905020343254,0.9446323661787213,1,1
313,361,281,22,3.720810256978347,0.5560047268658035,2,1
159,461,134,19,2.7300559319003623,0.7647800875976143,4,0
222,208,275,11,3.4675606018119267,0.6613546126243067,3,0
75,360,103,18,5.47087511499788,0.7660261880680455,1,0
146,240,296,22,3.2691648151612736,0.8265931916661344,1,1
267,213,257,23,2.854136435486214,0.5213084550261413,2,1
281,438,249,21,2.9367247146392095,0.984569484221864,2,0
82,234,114,20,3.3067975113816495,0.6019901153811293,3,0
124,418,181,30,4.864499131470046,0.8124976210300467,2,1
67,285,221,16,5.115600295263704,0.7898530710867966,2,0
95,302,231,15,4.932354881413932,0.5299032462208053,2,0
99,262,110,33,4.095318671638998,0.6922380806751713,3,1
338,181,190,25,4.813779174054963,0.9388383642394565,2,1
200,143,106,36,3.473671426536565,0.8021719420672351,4,1
136,350,225,16,4.233303387994547,0.8225052817667035,4,0
277,115,248,12,2.526858478944519,0.8890711516702814,2,0
238,293,147,22,5.23682794980379,0.6497468363222314,3,0
347,263,104,17,3.599987234382581,0.6918566511033657,1,0
235,441,190,37,3.0501933580981633,0.5905062595693502,4,2
286,244,144,32,3.8360108997343185,0.9363227553571682,3,1
110,132,180,24,4.764007857787466,0.7017449988365931,2,0
193,210,180,19,5.263283234703337,0.8107225837223512,4,0
194,328,146,17,3.3955672272013873,0.5570349132391055,2,0
229,340,130,6,3.3670176231784894,0.7602703976952614,3,0
66,202,87,28,4.859400388519747,0.754386167229324,3,0
245,232,144,27,3.936193517630553,0.8808048708191376,1,0
300,392,268,14,2.542370339937431,0.7177977429686981,4,0
162,433,244,5,2.777790541172977,0.5072196885144922,4,0
61,474,218,17,4.620038373673381,0.6567619909178952,2,0
288,420,152,33,5.007019831631364,0.6391324738153821,3,2
244,448,234,35,4.748764246901861,0.7989933758060331,2,1
216,286,137,7,3.9715826040547526,0.8648453072536073,1,0
214,169,260,28,4.840048401869957,0.7910613046427171,2,1
74,424,299,39,2.926563452853428,0.8050502630040097,4,2
330,283,191,11,4.220988222686931,0.6896151227523375,4,0
320,421,273,38,3.959705840840097,0.730271396050441,1,1
296,277,295,10,5.317435556610349,0.5266495741082691,1,0
142,327,149,7,3.0124568307957817,0.7822781172522251,2,0
176,361,141,15,3.150551784525882,0.9207349785650216,4,0
291,132,246,39,3.595273780206065,0.9277733793248163,4,1
127,203,274,26,4.028493499409768,0.7951327496102224,2,1
124,201,214,15,3.6241103235569865,0.615579534855933,4,0
285,481,226,22,4.478008669692243,0.5057703379568756,3,0
224,264,145,27,4.9060180125349735,0.6622403530682037,3,1
285,198,267,23,4.31570780470776,0.7162637793388034,3,0
272,109,285,7,4.400741876872575,0.5450973005076678,1,0
303,380,204,33,3.275108777529357,0.696699579084681,3,1
116,367,127,26,4.299340371451249,0.8244305577525257,4,1
208,433,193,19,2.631084301222481,0.7321261363560175,4,0
135,143,178,26,5.206933655689804,0.8247068037852724,2,1
132,403,239,22,4.717977650558582,0.8709258093546525,4,0
176,458,108,31,3.7601583425025322,0.8741683408093512,1,1
297,141,265,11,2.718029784114509,0.5098398463712188,2,0
61,398,173,35,4.107273915785424,0.6332207321298783,4,1
305,386,247,20,5.291649614880593,0.8726112742567824,2,0
255,161,266,26,4.241707277727167,0.9533016122586475,1,1
127,291,83,28,3.136428009709003,0.6653849894172388,1,1
335,205,267,34,3.602159863223699,0.9833294428564396,2,1
343,430,250,34,4.361487187484964,0.960761783329682,1,1
323,153,193,31,4.268131755373257,0.7909961044180286,1,1
66,293,237,10,3.2220111733282915,0.7495225596731008,3,0
142,262,159,8,3.4517631004616356,0.8666070768190313,3,0
221,239,138,39,5.4379072138869775,0.5046905242236304,1,2
97,323,265,21,4.8072156489143945,0.6685111360063858,4,0
119,399,225,12,3.8625904096867796,0.696147808439419,4,0
255,363,298,26,2.543202299933622,0.753802132843117,4,1
192,384,239,16,4.36288566377207,0.990906947641693,1,0
86,307,233,39,4.645550327497088,0.7034620901281674,4,1
108,350,164,6,4.696630459008096,0.9707280541267158,3,0
256,263,278,29,2.5439111481673495,0.7141830554626263,2,1
75,483,242,24,2.9221292259021077,0.927855976952052,4,0
204,207,168,27,5.30790595312249,0.6891165570878824,2,1
182,174,98,15,4.036113446959358,0.714033245224336,1,0
167,229,225,10,3.9934121469164157,0.5553173978495118,4,0
222,393,224,28,5.27702399165817,0.7709829870835281,2,1
271,446,85,28,3.994045083013314,0.9544183629429024,1,1
278,327,186,6,5.349966054237935,0.8011887833106062,3,0
79,457,272,12,4.0464910912903695,0.6978951292218116,1,0
319,397,298,35,3.6023133285092923,0.6387441493882309,2,1
291,154,163,18,5.377424786250918,0.9137229555178501,2,0
225,415,165,16,5.032234377542855,0.9330905948574444,2,0
65,235,145,17,4.1248133833639775,0.9676423282689931,3,0
349,463,164,32,3.9275414856858344,0.818935293304299,4,1
103,357,235,37,4.290099547648177,0.6548350480646448,1,2
263,496,295,8,4.660627377517145,0.869921239505334,4,0
263,198,123,12,3.6505160385011672,0.8720397555774697,1,0
67,452,168,27,3.864721036594967,0.6833396492021544,3,0
195,474,228,13,4.988125111100757,0.5354539631466884,4,0
116,467,90,12,5.316236809641933,0.6169563013090356,4,0
269,363,243,37,3.385635710628287,0.7346285988902327,2,1
271,257,136,30,3.496517330568455,0.8744853575050375,3,1
89,311,163,38,4.15041315546963,0.7979031644625695,2,2
323,485,114,13,4.7938928520198685,0.8557101178201036,1,0
61,264,254,22,3.6808342076953,0.8842948210520526,3,0
97,214,167,12,4.526573829554227,0.573541395196455,3,0
236,395,161,39,5.186265413289137,0.7844295401002888,4,2
143,281,273,6,5.117969129203767,0.7571778127892268,1,0
176,443,242,28,4.046226501180612,0.5161420573435259,3,1
123,224,146,35,3.6549358388587225,0.699077920987589,2,1
224,422,242,39,5.499744320158415,0.8203781383751028,2,1
257,261,190,22,2.758882839235991,0.9193695543186352,2,0
182,142,216,10,2.5617956621083224,0.5149338999650258,2,0
62,277,283,31,4.758175815899552,0.6194110371586531,1,1
142,414,183,19,5.073210821574694,0.8946653369226973,1,0
113,427,293,6,4.571389069828282,0.5614938359072892,3,0
230,287,156,14,3.302891867211728,0.8376847321573737,2,0
166,345,290,13,3.939921536823337,0.8980866504015559,1,0
111,352,98,35,4.049267916426409,0.5709961081531529,1,2
70,241,158,11,3.650454914041754,0.5839126579149161,4,0
207,130,95,14,4.091838344802119,0.8711572647149606,1,0
287,215,167,36,4.549214224210018,0.8577687738664495,2,1
98,314,211,34,3.919729060776353,0.8516801785509451,1,1
123,201,173,6,5.3622410321079075,0.9209778854731101,2,0
159,301,217,30,5.1217232785170275,0.653452088116335,1,1
310,401,222,35,5.19613172769542,0.5521909715054067,1,2
91,304,263,31,3.3138429446744713,0.7214967315438257,2,1
142,226,102,22,3.174565495648577,0.9897103325038066,2,0
153,204,238,17,2.658270155300552,0.5746464889464742,4,0
182,413,104,6,2.812740892335607,0.8634726227288665,2,0
327,220,276,24,4.815075632830386,0.5479046553040746,2,1
342,481,101,37,4.775814580358601,0.7082557539564829,4,2
300,202,220,31,4.321118893951896,0.5977949027718809,1,1
74,100,211,21,2.6925576936615574,0.5149726528994674,4,0
104,441,131,35,2.998918673946486,0.9501380615343307,2,1
320,317,112,12,4.4072411162340694,0.8921183601170252,4,0
261,363,114,19,2.8834027112532117,0.5007658460434463,2,0
263,351,197,31,4.844249243118691,0.5037754069111855,1,1
62,445,245,16,5.161897506855901,0.8174033966645409,3,0
257,288,278,22,3.6504696109023227,0.8826675162298663,1,0
134,309,209,7,2.6583699744670444,0.895160548177119,1,0
315,144,157,19,5.389922405658009,0.9019355034416419,1,0
269,382,284,16,3.2959582078028022,0.6655689408436454,4,0
324,136,163,26,3.6130932957679396,0.6853068433049039,2,1
313,397,87,36,3.9121343737831027,0.6108118006219866,1,1
289,248,129,18,4.6769745793556075,0.5889358409479479,4,0
254,359,216,13,3.512593142148675,0.8548027502002168,1,0
336,140,112,19,5.255973551110042,0.7025164317600043,3,0
122,376,104,19,4.715333301288605,0.9679430963298745,3,0
83,342,130,26,3.2648845726850326,0.6693919292499585,2,0
204,422,136,9,4.0951935955798895,0.8024273146607981,2,0
209,402,94,36,5.059676268501811,0.8446819081250794,2,1
303,144,191,28,3.0383769678743193,0.6947077914477895,4,1
299,290,227,12,3.5439650871459643,0.7101324531162945,2,0
232,105,273,7,4.467859519692051,0.9174250825736681,1,0
254,323,195,8,5.2959147523337275,0.9174963900271148,2,0
87,172,253,15,2.5490468446477266,0.7451789826454207,2,0
265,134,120,34,4.582405059589966,0.8708400320989251,2,1
278,308,247,8,3.5761137576855733,0.7120839083890622,3,0
179,276,88,34,5.243283819250586,0.9351444615353719,4,1
242,145,291,26,5.329793981791432,0.5757477119781778,2,1
81,249,114,30,5.143108916099836,0.6680229592393738,4,1
245,190,230,17,3.0235354136837196,0.6226101134051025,3,0
115,109,283,34,2.7938349539551806,0.8157235346701139,2,1
337,180,107,20,2.8232685484074764,0.8351572304396764,2,0
62,128,163,37,4.516149641875524,0.8716609745024797,3,1
301,400,181,6,2.7194662236708225,0.9633691926566683,1,0
349,492,216,22,3.6175238414724635,0.6742994851577957,3,1
192,461,219,26,3.2648469017015542,0.5026688444411073,4,0
202,374,121,24,3.594656456946312,0.9072245609546228,4,0
348,300,119,34,4.202570418028199,0.7831661414334465,1,1
334,199,120,24,2.559461482556471,0.9249647450729873,2,0
155,101,212,28,3.5000385269758687,0.64479510896554,1,1
325,139,207,39,2.6602818795326213,0.8908997447980294,4,1
342,106,82,37,4.3458548496492755,0.7191629434927235,4,1
300,468,117,7,2.8547665981636423,0.7656387067763859,4,0
106,464,195,16,3.3740442769233647,0.8081535312559616,1,0
303,123,236,11,3.0228020669269586,0.9278932149111938,2,0
250,372,292,26,3.35450190382761,0.5680842487246621,2,1
294,254,133,38,3.08016759315465,0.5827819145279128,3,1
308,320,113,28,5.213574002251139,0.7959678468659702,2,1
346,199,286,7,4.993876436885504,0.6527409054902513,1,0
257,366,199,9,2.5114590073160072,0.7206675174350342,4,0
318,490,246,36,3.3261205625852184,0.5501177547057734,4,2
291,495,241,33,2.61017525434736,0.7437043638097129,1,1
190,403,127,31,3.1914562169867917,0.9654476612088487,2,1
185,160,189,17,4.772368672266957,0.5794209546911726,2,0
110,447,265,34,3.115102226562749,0.6847003160653073,4,1
143,447,116,36,3.394482695290202,0.7484863868258278,4,1
66,412,100,38,4.4338003772385655,0.7218475675067728,3,1
220,384,102,8,4.966001928112004,0.8594335720288064,1,0
233,227,259,34,4.237461556146469,0.7825936757764833,4,2
126,496,279,28,3.1829331112998065,0.7792685446634159,4,1
214,456,263,38,4.868110067384046,0.7932430682693732,2,1
269,232,105,21,2.8127993465577923,0.8035082792274038,3,0
263,253,221,21,3.5725162661411396,0.5177851087857086,1,0
246,267,151,19,3.673858174648057,0.7733911919426378,2,0
275,105,192,36,3.1280393769355994,0.6484543330603794,2,1
230,383,194,26,2.7958018408412415,0.6543939677209726,1,1
84,170,80,34,4.682889200196627,0.8501507182548697,4,1
164,221,187,34,2.9967623754141646,0.7910395020092271,1,1
255,230,222,6,3.578727289982033,0.6421712497339294,3,0
87,405,239,37,2.6397285431036828,0.8864411141623645,4,1
111,353,82,37,5.433067570379553,0.6915458910805359,2,1
261,423,125,37,3.4670444856011624,0.6073048108806709,3,2
72,294,125,23,3.110153752565983,0.8762759935746594,2,1
208,325,201,24,3.2297981841426653,0.7468831376489227,1,0
226,243,132,6,5.094140029815961,0.6676385332472208,3,0
73,112,100,9,3.5897439159056574,0.8700669719631089,4,0
221,333,222,6,4.33067593788467,0.8298686663717033,4,0
196,278,244,16,5.340368975538095,0.7162315397110768,2,0
149,181,97,11,3.5100467028325744,0.9336776898333585,1,0
197,185,226,29,4.3938351366585096,0.8454427429970262,1,1
345,149,87,14,4.843811317360646,0.6472448265944619,1,0
69,342,210,26,3.5853395007578714,0.8074355977112375,3,0
114,338,129,17,4.332986958381861,0.5062594556784767,4,0
106,369,250,6,4.208403348045305,0.9326057274391129,1,0
185,183,283,24,2.9700912797288854,0.863937990135851,1,1
161,125,250,24,4.494376499009273,0.7112049498064297,3,1
117,131,120,23,4.462426635377236,0.7802753651450911,1,1
280,386,269,37,4.767536971746103,0.9035164733307692,2,1
88,121,89,33,5.1630009755121336,0.7976196177915859,4,1
192,126,105,12,3.327306951475957,0.9619183032589778,4,0
127,277,94,19,4.777322188071664,0.7427326655374883,1,0
116,443,94,11,3.010036845280243,0.6816538939716176,4,0
83,216,297,33,2.747302234765395,0.9851924955600825,4,0
244,412,233,26,3.4898614080738763,0.7912707201335833,2,1
291,279,134,10,3.2210985360943303,0.804771203806397,2,0
242,243,167,5,2.6882102458946497,0.6380166975085031,1,0
84,283,130,37,3.382495196511666,0.909562218626728,2,1
297,174,299,14,3.573241686760602,0.8586005058503443,1,0
310,441,215,29,3.2159925381460104,0.9570257858784542,1,0
296,115,217,22,4.107332035371593,0.5689292455658006,2,1
116,188,174,23,3.750904476387708,0.5351697600073249,4,0
318,206,270,8,4.7281772307814895,0.5082828041254487,2,0
123,175,176,25,4.998932057792246,0.910047832350853,1,1
113,449,81,24,3.6247024972855644,0.9829882335298998,1,1
77,311,281,27,4.405153922010976,0.9276004626164374,1,0
312,378,192,11,3.9849821091977375,0.5208854687751321,1,0
69,194,96,27,5.472794842447508,0.6963442329362252,3,0
140,419,297,31,5.368384609902201,0.5002690428334737,3,1
260,118,81,7,3.0541187887055754,0.6349328108103984,1,0
251,231,146,20,3.6545639857672696,0.5497822089231114,4,1
322,139,124,26,4.500383033535789,0.6867819872336466,1,1
287,425,123,10,4.5793347443237185,0.9347234262105214,3,0
185,390,201,39,2.5684345408644242,0.797648072206962,3,2
244,403,299,17,2.7268238769246294,0.9772799587134051,4,0
60,142,211,8,3.4586515692359447,0.7113538652502821,2,0
245,288,157,36,4.99590420290038,0.617760658634299,1,1
230,351,120,11,4.425065340917695,0.7878049736502237,2,0
340,185,154,18,4.687866992189134,0.8021596499153767,4,0
90,473,227,34,5.468864525378504,0.7352858258917783,1,1
298,138,118,35,3.028920353971163,0.6136693986340636,2,1
243,129,224,37,3.9696950825388386,0.7197602475986886,3,1
93,477,274,25,2.780336480609141,0.732931699886413,1,0
125,138,109,12,3.625103664536904,0.6099899847382872,1,0
257,102,284,36,4.113444030411582,0.7185900377487371,1,1
179,397,198,12,4.649546613567575,0.8102197808828924,2,0
145,163,255,33,4.026485602308863,0.7939831469998198,2,1
119,203,230,14,4.775187846683318,0.72942012725397,4,0
228,178,120,24,2.912056433657092,0.6418701807118204,4,1
112,355,244,28,4.298139600200976,0.7042736542733186,3,1
307,457,105,9,3.0639999243117964,0.5730239088950599,2,0
210,223,245,27,3.798043131565959,0.9022477663267604,4,1
126,266,127,19,3.8965311892827192,0.649696967520005,3,0
337,181,107,36,2.5018286488654007,0.6774921619869014,1,2
243,492,199,16,4.005395502246396,0.6967827285104264,3,0
125,201,149,6,4.492727419066395,0.6449513961001043,1,0
81,140,292,6,5.465656715217135,0.8066272182775904,2,0
289,356,251,31,3.9366369541816493,0.7930186124716789,3,1
257,337,298,33,2.970971703229279,0.5303126796747328,3,2
110,463,164,17,5.216531680741918,0.6374247628663716,1,0
235,223,263,17,3.477478857314909,0.6239543031713095,1,0
331,356,138,23,4.040848934397587,0.8865636676620818,4,0
319,239,204,27,3.0120354404892296,0.5730527545417233,1,1
79,200,200,34,3.4676424223517697,0.9531572644087839,1,1
97,377,152,8,2.5940646288838103,0.809705172163581,4,0
276,417,160,34,4.514090903909837,0.9167932704014896,3,1
217,169,128,31,4.552189028084966,0.6640872147015674,2,1
97,163,183,31,4.0785991794090375,0.9512537217861361,1,1
285,130,147,25,3.7082361012457348,0.9686727462082658,2,0
331,492,275,18,5.077676508322164,0.6157081197735661,3,0
184,172,207,37,3.5996535560577096,0.993574710398762,2,1
167,455,184,7,3.5630589808176105,0.8232618941141052,2,0
343,193,242,13,3.5393426960264285,0.891395107600035,4,0
212,301,241,22,4.739210245096179,0.5441999938782716,3,1
220,240,90,32,4.278453526529207,0.5422904704406829,1,1
67,121,217,29,4.648700333436069,0.6953972131142021,2,1
303,417,223,13,5.37776533073713,0.9554185720368334,4,0
65,413,180,5,4.715995966591173,0.8656392108808704,2,0
250,138,81,7,5.2781367874919,0.923241365476643,2,0
105,299,295,34,5.357700338732828,0.5019801526214842,4,1
280,462,248,19,2.857895738547875,0.8985027139873129,3,0
124,485,117,32,3.852989053966149,0.7951911454925715,3,1
308,195,152,14,4.159699863666745,0.6983430558266732,3,0
201,252,209,11,4.046023657987962,0.9156802707373879,4,0
110,219,138,19,4.130240729902969,0.6349693942522092,4,0
289,176,129,32,4.380292293945326,0.6547476856051349,4,1
326,131,269,25,4.496528468618564,0.6502180788171728,2,1
213,296,133,39,4.09546015378627,0.6198604588510574,3,2
264,219,130,38,3.2624353476738825,0.7869548312707713,4,1
279,195,148,16,3.6551920532109783,0.9535485243053795,3,0
76,346,107,35,4.898332431632901,0.7554117816880046,4,2
140,143,243,25,4.041101117548499,0.9967596689095117,2,0
143,127,209,29,5.210001960071186,0.598117407665137,4,1
345,396,138,36,4.297906063054439,0.819864723119661,4,2
306,256,209,28,3.8187642900116,0.8674579975901456,4,1
324,493,295,24,3.6785164290986128,0.6986786667979793,2,1
200,292,105,25,3.8299100618661286,0.664579749618248,3,1
335,481,217,9,3.7700978947108856,0.947628275923994,3,0
94,432,154,15,4.061350530532867,0.836152571011067,1,0
83,424,102,37,4.5697633621345135,0.7281990313352991,1,1
277,240,258,15,4.200458651977178,0.8526827583505054,4,0
242,152,242,22,2.9465262559292267,0.8641975342355148,2,0
221,375,148,32,4.387688745643464,0.9620259601859615,3,1
150,131,196,25,4.238300557264651,0.7541814949506676,2,1
160,472,128,35,4.767765282766579,0.6974169017941345,2,2
77,331,166,14,3.2628064970740223,0.7245642749070281,3,0
205,336,148,31,4.999516900733811,0.9647608778147088,3,1
84,477,120,29,2.766730501724782,0.8434162609311324,4,1
296,258,111,21,5.090604891625711,0.5898143902591637,4,1
178,391,285,25,3.467794476641725,0.6942026643151862,2,1
287,270,116,38,5.332190373929466,0.5837807884848494,2,2
268,477,176,18,5.180757077875162,0.6798950103841588,3,0
279,249,184,10,4.740118031791013,0.7436500328968547,2,0
234,341,85,21,4.16562083928315,0.7922606497710853,4,0
272,443,213,24,2.8366148954089687,0.5425689285783094,1,1
80,229,250,19,2.6871662408626076,0.8062371626301739,3,0
177,258,194,24,3.457788583211032,0.7136803998292658,3,1
157,418,192,33,2.5931372490129903,0.7122033030818249,1,1
324,118,243,15,3.98733361436642,0.725340787812199,1,0
323,456,202,30,5.066872392619313,0.8799873366944551,1,1
342,333,273,12,4.041504943579787,0.6457491714117198,1,0
208,198,167,39,4.084230170863662,0.7432978741254309,2,1
253,250,291,13,4.685548088116832,0.8895590994456493,3,0
100,371,249,8,2.7996634581697992,0.9104579717534238,3,0
218,106,294,11,2.586015270774933,0.842148677027003,2,0
178,411,166,30,2.8674604012681977,0.9801904695999979,2,1
137,350,274,7,2.79222920616017,0.9493467231231083,4,0
168,102,286,13,4.4314058450987694,0.5040367369433199,3,0
171,107,171,25,2.9565932108247317,0.8063210406216939,1,1
101,288,101,25,2.655534792183727,0.9209278850322289,3,1
337,115,204,37,4.89839834559067,0.6092019372555779,4,2
82,213,105,15,2.7360046599934305,0.6505957732350804,2,0
215,367,105,14,2.8469871335898747,0.5661797124028441,2,0
242,372,230,20,5.418846785298963,0.84743491763444,4,0
127,407,288,37,2.6938844941781372,0.7769871168428044,1,2
301,185,177,14,2.619914543016703,0.7543315081726703,4,0
180,222,208,33,5.281026310444208,0.7720737545350074,2,1
243,338,213,10,2.89396768018719,0.8911192419561713,2,0
213,159,185,6,2.785369310782413,0.7096862370767297,4,0
190,299,125,23,4.091601448875266,0.9090132997662685,2,0
244,424,265,14,2.8929546826538584,0.741471443253883,3,0
340,441,283,37,4.272930181526865,0.5423056462918513,2,2
88,220,118,9,5.409726625056358,0.9714544744546566,3,0
135,300,288,15,3.8596977276824895,0.5288392176786652,2,0
63,312,183,14,3.274472209139857,0.7457643072344213,2,0
166,212,260,21,4.278694367233938,0.9242628321524063,3,0
310,308,180,27,2.528129622076403,0.7824766529440705,1,1
160,178,208,30,5.159869097179486,0.8324217167357838,4,1
102,250,295,22,2.8416734220305897,0.7908876920714057,1,0
145,268,282,35,3.003591372807903,0.9123175354196333,1,1
329,228,251,24,4.488304132355049,0.8091068877979611,4,1
185,315,92,24,2.6292484850025755,0.9107125136569858,1,0
161,266,94,18,3.074629600738549,0.8958274596179019,4,0
263,219,96,15,3.979977235612417,0.6159942676805844,3,0
240,341,263,27,4.051706300116466,0.8138414483786366,1,1
212,310,291,13,3.239244401490679,0.6241921761218941,2,0
153,394,139,9,3.6331460722239064,0.9258993236632709,2,0
196,247,189,36,4.661851561740608,0.7765236600925516,4,1
114,125,193,23,3.5080313128884235,0.9907120917436008,3,0
112,488,277,9,2.5720046265591243,0.8091718175968289,4,0
202,134,260,39,3.072670410259694,0.5384127837390944,4,2
123,336,176,18,5.279093202972383,0.7463410812443956,2,0
189,346,159,17,5.363293003034579,0.9677510066013078,3,0
271,375,86,12,3.6255830239887477,0.6031109778590269,4,0
285,230,253,21,2.7641907067552594,0.9318369098965622,1,0
330,375,116,7,3.015448767921833,0.7540472474716755,4,0
191,439,276,36,4.312449527121073,0.922936130637258,1,1
264,366,283,19,4.4994637175018255,0.6349840126174927,4,1
95,304,134,19,4.04867625358183,0.9070908507016986,4,0
81,380,252,15,3.413851424938366,0.7655823786432148,2,0
153,495,206,17,4.013854781494507,0.7230789098820213,1,0
236,421,248,18,5.350038815691997,0.6535213062678553,3,0
187,227,120,39,2.7014035035824255,0.8801634132333712,4,1
148,232,183,33,5.279360901008413,0.7562514101903008,1,1
116,246,206,30,2.615397841036276,0.6977364716346168,1,1
225,334,205,27,3.0559503920019613,0.717916349203893,4,1
181,431,289,16,3.2890249136731278,0.7237907476652672,3,0
80,222,123,36,5.021833159200817,0.9840219747115738,3,1
268,313,146,27,4.773655139935094,0.9411164813160178,1,1
311,203,83,20,4.060665895494003,0.6788051964430266,2,1
107,315,286,30,4.579856149541281,0.7479172738801217,1,1
270,222,204,35,3.7959038164892953,0.8504693117760795,2,1
86,283,259,5,3.864451319641115,0.8386980604840792,2,0
209,115,256,18,2.720571546592087,0.827542800341434,3,0
67,251,200,10,3.0974312699780637,0.6204636406760233,4,0
246,310,194,14,3.749728338156957,0.9283466564454992,2,0
60,316,84,31,4.6172240856843105,0.6499796036040353,2,1
169,300,246,16,3.3438018831072642,0.8550394206763623,1,0
78,186,99,9,3.788028990975098,0.843115027909292,1,0
115,364,213,28,4.95153284173175,0.7320720487269312,3,1
74,399,107,8,3.1211234496336284,0.527159097289622,2,0
154,160,262,7,3.08943323067561,0.517530144937489,1,0
184,343,157,37,2.9482822470204444,0.8481386364717753,3,1
302,128,191,23,5.295698432106399,0.7947200770195593,3,1
290,316,154,17,3.729943987546371,0.6901451673736911,3,0
302,304,111,30,2.7696723332170734,0.5549785535745659,3,1
78,366,198,37,2.805067669249338,0.7228393296013971,1,1
81,428,159,5,3.983804296880697,0.9829129160215555,3,0
142,445,125,33,3.737327723956628,0.5844590956806359,1,2
148,477,217,23,2.680145340149282,0.7045602702309776,3,0
112,341,104,19,3.905105618984242,0.8777210796546839,1,0
231,397,178,24,4.533847643675495,0.9708976189812848,4,0
72,442,217,16,3.769761020095828,0.6298995432921967,3,0
73,299,227,33,4.978224874919398,0.587063331981931,2,1
225,499,182,30,3.301969751764958,0.8610788100625744,3,1
206,223,205,11,2.569588594317678,0.8722658920956217,4,0
78,410,195,11,3.7534012480403973,0.7822563627497978,4,0
197,225,113,21,3.1828650807356462,0.78176025781089,4,0
132,222,193,22,4.176623412278105,0.7913542334661261,4,0
144,123,229,12,4.674812824644022,0.9952212985647966,4,0
203,225,203,22,2.867734280101681,0.8205734494537342,1,0
337,129,268,32,2.53837908211931,0.5490230680412626,1,1
116,404,104,24,3.4558631162474835,0.8761787840178975,4,0
126,167,240,27,4.844190471800575,0.5086849971102329,1,0
308,471,134,38,5.327268326076993,0.9849098304843298,4,2
315,161,198,16,3.326220989497672,0.5368177692247542,4,0
122,325,149,9,3.1338591137463623,0.9505478579776301,3,0
339,155,159,7,3.272672528864046,0.9767262264181615,4,0
64,274,126,38,4.435574531166762,0.8384522491755958,1,1
235,424,105,30,4.824339331786975,0.9450448275869133,4,0
288,425,108,7,3.2896452412880786,0.6757868104254636,3,0
293,208,279,9,3.10449345773859,0.7970144913929393,4,0
116,329,129,38,4.334163111068479,0.824567933005061,1,2
167,112,180,20,5.333048764717656,0.5221234863303748,2,0
294,491,97,11,4.0675758556565444,0.9792100363026442,2,0
140,427,241,8,4.362405008950397,0.8723997612544765,1,0
164,331,129,16,5.397931752974939,0.7449196647372511,4,0
265,143,219,20,5.138244852981303,0.5625271931352901,3,0
125,134,197,39,4.4700835843505935,0.5235450527214243,1,2
149,201,297,27,2.8734582891151463,0.7864072688769572,2,0
62,161,103,13,3.0189188603257495,0.9918468924644397,2,0
325,393,221,29,3.8172127593366056,0.9769991842104626,2,0
233,317,141,31,3.8912347885350655,0.6324773859831228,2,1
248,499,193,39,3.8332777228725607,0.7238484605754136,2,1
117,358,206,17,4.865356487497413,0.8790192489387612,1,0
286,150,240,22,2.6532268390065195,0.8539655235418879,2,0
260,361,124,17,4.407266698678823,0.8149947750032682,4,0
347,425,213,37,4.5660311483164655,0.9296800457429235,2,1
343,487,255,33,5.277910208131667,0.8479575061456502,4,1
95,315,146,18,3.8033242882967944,0.6337697380134415,2,0
206,239,159,12,3.5568710719947614,0.7535990896254108,2,0
166,376,149,31,2.8546415706246666,0.9926063516701114,3,1
107,460,265,31,5.2779137140736525,0.7729129237209642,4,1
287,303,142,22,3.707338071432605,0.6306825415077368,1,1
338,166,179,14,3.3023602030869488,0.9106960292124504,4,0
180,472,172,16,3.269094245835902,0.9902615082708766,4,0
175,119,205,39,4.047676528932025,0.8829347834100751,3,1
302,382,164,14,4.659976339513333,0.8667264761840626,2,0
179,109,239,32,4.355765998527428,0.7385500497308034,1,1
344,426,82,18,4.161565324545975,0.5971138850983763,4,0
273,214,138,39,4.1241314093608015,0.6308431018784757,4,2
75,266,171,29,5.433733611568778,0.9156930796127596,1,1
105,212,192,22,4.349260740792346,0.9962638598675133,3,0
166,235,166,12,3.73849718459386,0.7594950088698778,3,0
68,278,292,32,4.018388699957056,0.5263530135723358,3,1
204,206,219,9,5.0114445022031475,0.6996981778247972,4,0
296,211,179,33,4.523430951647604,0.688065224362894,2,1
147,247,102,33,4.330928582968908,0.7101608995118924,3,1
200,407,176,28,3.0685672065205067,0.9878449349959356,3,0
281,462,183,27,2.508474912138595,0.7580964707412328,4,0
258,286,260,8,5.315856273903598,0.6086490020488157,2,0
101,279,288,11,2.912889348412289,0.5477046560115924,1,0
79,435,137,29,4.4720876449927545,0.7225514995455256,2,1
156,410,97,24,5.4055373591572415,0.7480712109212702,4,0
70,135,202,13,3.8459580185110616,0.6802856928062264,3,0
64,351,222,37,4.0826309309193896,0.895224637934975,3,1
344,390,110,17,3.001498056392706,0.8688437070976315,3,0
301,409,103,19,5.082065341860988,0.7720476747904617,1,0
144,498,104,5,4.462080457357084,0.7418376891645737,4,0
232,195,84,37,2.646908081202965,0.6836188767176519,2,1
305,350,145,30,3.1170320774970297,0.8451121474946517,4,1
128,353,135,22,3.8154097013108688,0.9915671152345176,2,0
99,198,245,28,2.8859863043093323,0.7568168558895616,4,1
164,144,174,23,3.45294582747882,0.6110549359096377,4,0
213,220,208,29,3.6161292538671117,0.5553927818385285,3,1
242,410,190,27,4.017910396275591,0.647682559042342,2,1
343,335,195,37,5.429794696178739,0.5412733690353603,4,1
108,305,132,24,2.799380680017475,0.8161546722063971,4,0
74,413,150,7,3.228421040265796,0.964182205725219,3,0
349,183,284,8,2.9008074375952124,0.9031939329996839,4,0
258,371,88,26,3.3960898662092602,0.6806677425810093,4,1
150,210,147,18,3.0932768154151176,0.5109398637219986,3,0
206,190,248,25,4.470036092292476,0.8308224189003008,1,0
344,489,277,16,5.233777861271548,0.877952287545088,3,0
99,458,259,14,3.6547785856433044,0.8078424162188316,2,0
63,219,241,28,3.5935511445537234,0.8454327532895994,1,0
226,233,263,12,4.02840917794578,0.6888245404557862,4,0
131,156,99,12,3.6061463330270143,0.5173224158322891,1,0
256,101,92,25,2.8156078645685976,0.6520022833396901,2,0
213,287,95,36,5.005054867976389,0.6289759975726321,1,2
200,489,83,27,4.273209288747497,0.9937039082524016,4,1
142,153,87,35,3.3943366939080923,0.7375149212867922,2,1
315,402,239,22,4.985872267792463,0.93336105663378,2,0
133,256,119,35,3.536230777047287,0.6318735310160333,2,1
341,373,291,8,4.417192456744882,0.736872853044888,1,0
191,493,136,9,5.311995625051997,0.6113981131493875,2,0
64,273,240,32,4.847927986230686,0.9615568591408934,4,1
341,146,218,34,2.739807276148234,0.5716425820552831,1,1
115,375,233,22,4.680425996647458,0.9360750631114441,3,0
69,202,288,18,2.671507969300093,0.7579889578702561,4,0
306,109,167,5,5.428701118689595,0.6402163495866751,3,0
218,475,257,9,3.7155656460323425,0.8987464309525743,3,0
216,430,287,12,4.721746405963895,0.895274712900662,4,0
124,135,285,21,4.6057229322555475,0.6776052993226167,4,0
183,288,164,38,4.792279053608656,0.6154249355126165,1,2
292,254,188,30,3.9856081051826884,0.8638145685980939,4,1
93,368,162,29,4.517711804358873,0.596213394056815,4,1
77,375,125,22,3.022562816596476,0.5506213728430034,4,1
194,488,291,32,4.015324818213171,0.8672194884970759,4,1
79,464,160,28,4.085191834952106,0.896322974560886,2,0
66,275,244,20,3.1379130031237015,0.5146503334949848,2,1
344,385,242,35,4.828271009009928,0.6822757482360384,1,2
303,175,105,34,4.6319072004052355,0.5138739490782864,2,1
180,420,131,16,3.7658395201279005,0.8147942929555911,2,0
67,257,271,8,3.6973979490850493,0.5049986792760535,1,0
79,271,269,26,3.406397652288301,0.590634384518633,4,0
246,238,280,38,4.749425106526231,0.9047540150196097,1,2
201,331,235,36,3.3772023796546615,0.8782165975833596,2,1
300,479,124,10,3.0272538841932235,0.9916784746167647,4,0
153,441,105,7,3.414946262239021,0.5287638018600298,3,0
61,474,89,22,2.60931786638108,0.9885896792779187,4,0
326,217,147,19,4.561762650786854,0.7062347577856785,3,0
156,125,162,10,2.5401036539190454,0.7607752942655321,4,0
296,347,179,5,3.0510108435004937,0.556238175199897,2,0
179,391,162,9,4.310966518810949,0.987154949012975,4,0
324,243,242,6,2.687470593542387,0.9318058072296974,4,0
135,468,279,39,3.9655504811654314,0.8467464263703552,2,1
310,122,287,18,3.0009177940341543,0.8915320725541278,1,0
173,242,294,25,5.213609821816358,0.5355443908577877,3,1
300,493,122,11,2.934596024586113,0.8252623058663461,4,0
327,270,227,9,2.503353052443037,0.7862736607895107,3,0
277,427,182,34,3.635807070874492,0.6475854508504719,4,2
71,467,201,20,2.8926759897934695,0.9382582419568954,2,0
234,435,111,19,5.096406222205302,0.6960083783503245,4,0
136,142,269,8,4.173748043141274,0.6811735982749134,4,0
160,250,114,23,4.745866265742035,0.5317523747741119,3,0
127,237,235,39,2.7095232982361495,0.8741991646621641,3,2
81,454,184,24,3.4811400305060722,0.8909302247632225,1,0
114,322,135,27,3.0944590729349533,0.90847708293794,4,0
289,204,90,22,4.197583218166711,0.5953317400493967,4,0
226,341,205,38,3.4675416656532745,0.8332984830705832,3,1
332,498,226,5,3.311529586997854,0.5049622602435355,3,0
140,295,114,10,4.372669534718205,0.8526423453866916,1,0
343,250,216,7,4.804377337264388,0.6918805497637817,4,0
248,304,288,31,2.5756181698037652,0.7043612917392964,4,1
249,335,179,8,2.7303806281374907,0.8684830684071155,3,0
250,128,86,19,5.2084088433944515,0.6714535410292496,4,0
282,396,150,22,2.9237702534488275,0.9135228203435823,2,0
193,406,157,23,5.2802635779345115,0.8194070019701676,1,0
73,223,142,29,4.383759070988466,0.6447242008004435,2,1
155,426,188,14,2.668359154847502,0.5898018844973348,1,0
272,483,121,16,3.707765590616189,0.7280322493781891,4,0
78,134,87,27,3.7883605467380095,0.6765530904215569,3,1
285,133,274,16,3.119701540590512,0.6763618947445273,3,0
347,228,254,24,3.048975677599974,0.954675715811556,3,0
98,455,101,5,5.474936707408173,0.8816486820812719,2,0
340,464,133,39,4.6281887155391725,0.7193725240116459,4,1
295,314,115,13,3.2932915003054255,0.8288329084131875,3,0
182,197,106,18,2.894656806158412,0.835129243249442,3,0
248,480,268,38,2.7107685401232606,0.6227784669834922,1,2
259,103,225,6,5.079831288884277,0.5832331794792387,4,0
162,494,93,5,2.508109683350786,0.9630179462934771,2,0
323,121,148,24,2.601522773972372,0.9649441487544763,3,1
137,255,109,30,2.7236834230825115,0.7577951286842659,3,1
140,459,146,33,4.256880772324051,0.7363035389849161,3,1
296,471,231,10,3.373124889842024,0.8251724322790569,1,0
84,318,234,13,3.255807605898479,0.8456295656366388,4,0
108,203,115,23,5.121436356006287,0.5892663474773634,1,1
172,435,147,9,5.4921543058608595,0.5829676820056544,4,0
208,285,110,23,3.1652314456390744,0.9004138764688558,1,1
168,158,236,38,3.8693372155654693,0.7962140055804333,3,2
277,178,151,11,5.165257956887805,0.7104539635390695,2,0
162,351,139,34,3.2672850840470598,0.5880315179672524,2,1
123,348,220,33,3.735124127181335,0.8796405499257661,4,1
224,303,183,29,4.242882482848158,0.7293942216498771,2,1
337,252,89,26,3.737937745350629,0.8877102273345707,1,1
251,160,89,20,5.320518046597156,0.7793032409069268,3,0
323,470,248,17,4.510808571546095,0.970535919246355,2,0
270,127,231,5,2.9350652949032865,0.7381993958672545,3,0
182,419,81,21,2.9905773651630576,0.6549004110497696,1,1
265,156,234,16,5.257282837853781,0.9547190310688642,4,0
267,119,246,34,4.148636346901025,0.7507903282373649,3,1
292,420,174,22,4.379543511034359,0.9826143726674448,4,0
264,204,156,13,3.7141181045329548,0.5715492935714289,1,0
328,281,232,25,3.308966663731728,0.9013673296671616,3,1
309,285,250,24,2.988742426799662,0.9367149609913981,4,0
70,280,269,15,3.1356732560448086,0.6126057440042666,2,0
304,239,267,17,3.1988457548062095,0.8319165133217622,1,0
313,118,162,12,4.0261470793676075,0.723881453337395,1,0
180,390,280,28,3.648767744507684,0.6215374059699373,4,1
319,310,185,31,4.91421837379141,0.7767605290177361,1,1
252,432,109,23,4.622678263168303,0.8245932575681363,1,1
61,161,258,20,3.8593899494883055,0.5432551651153458,3,0
133,156,201,33,4.160355121167309,0.5834889231471359,1,1
207,460,96,10,4.264518982734412,0.677528681204022,3,0
266,181,190,16,4.554556088448739,0.622052502710121,4,0
77,442,144,30,3.862511905886758,0.5513251434730965,4,1
330,105,169,17,2.724358617216636,0.5309762530763042,1,0
317,485,120,30,3.3814087069986862,0.7521535038443685,4,1
207,275,127,31,3.7124530077065154,0.8801015154942589,2,1
161,130,103,34,2.808861899739292,0.9237053528086037,2,1
208,222,203,27,3.592379485493212,0.8374604397558358,4,1
186,116,129,13,2.7887305209022792,0.7533883706620859,3,0
309,394,281,8,3.936283648535054,0.9245474546422998,4,0
156,400,264,21,3.7139277308725647,0.7683683918818653,4,1
178,120,90,13,4.955374206568967,0.840943776019648,2,0
151,496,126,23,3.639072471541458,0.9035684841897884,1,0
90,175,172,32,4.661897780466328,0.6316771207764823,4,1
342,330,269,11,4.606490701176698,0.7375144734300296,3,0
65,116,271,31,4.109825159664284,0.8402815747669836,1,0
257,443,185,31,4.3658478839408765,0.5441940512210779,2,1
200,274,295,22,4.308895136298,0.5089005202506017,3,1
233,284,92,28,2.940964903837843,0.9190473612153758,1,1
258,330,158,14,3.364520613877683,0.8751355092355548,4,0
215,101,88,6,2.80761521683136,0.9501526118724082,2,0
239,259,129,37,4.897529180056324,0.9729664084447307,1,2
150,319,288,13,3.5438412934404058,0.8712131434888377,4,0
126,217,152,28,2.7302287854223435,0.8099513161598519,3,0
145,428,221,13,4.7726280069117575,0.6959044582830638,1,0
226,340,246,10,2.609577771811853,0.9173556620242704,2,0
77,476,187,33,2.711858858001878,0.8866009501836398,4,1
140,298,145,11,3.3438766806725666,0.721514002811221,4,0
77,402,186,22,3.0736925241409376,0.8179987386763965,4,0
215,237,108,21,3.405623212860564,0.9561710883598166,4,0
238,411,94,8,5.2653600290217035,0.8804590144102382,3,0
244,315,221,36,4.687012525990438,0.8600418472391309,3,2
63,457,120,23,4.6139689001562765,0.8950286222031633,1,0
196,145,297,39,3.1225729781935723,0.7859326442283795,3,1
228,114,221,25,5.143167227039055,0.7809172904600536,4,0
62,375,209,32,5.294754125346161,0.9861211090878231,4,0
119,432,93,26,2.9261901689044003,0.6740604021816667,1,1
276,180,166,27,4.97483578510527,0.9916780119001312,2,1
163,376,176,6,4.167491294667695,0.9647441139927628,2,0
204,293,181,10,3.993739441009155,0.5215077581585721,3,0
72,169,228,35,4.330277541587975,0.7008828096204158,4,1
71,345,142,33,4.393160642684662,0.7187124331077293,1,1
280,179,216,19,3.7710038310562406,0.7527731986738733,4,0
161,237,174,18,5.337016411225099,0.6057189260672808,1,0
133,166,265,16,3.0873467579217597,0.8717965595122288,3,0
327,302,151,11,3.2165656801539875,0.8097975918356588,1,0
74,295,85,9,3.242522519028181,0.7315226085006307,3,0
179,205,87,19,4.950371590509232,0.7798816047084204,3,0
170,376,137,23,5.015751603518111,0.6679808356618342,2,1
74,302,123,8,3.7492780382293662,0.6385216615640648,2,0
97,134,95,35,5.391922810324475,0.8975469310499551,1,1
257,252,188,23,2.737551453055157,0.6982304792513927,1,1
92,284,293,36,4.316890938830011,0.7065630522206201,2,1
305,289,273,24,3.5640630407867624,0.7633505817653042,3,1
217,370,214,11,4.46510288136401,0.6693186144270686,2,0
275,385,164,29,5.04042283495034,0.9653151362556307,3,1
90,423,233,18,3.912357133134062,0.9798123207569309,1,0
81,221,83,37,5.195748345045767,0.7926891246685488,4,2
109,160,268,39,4.365936996331534,0.8608691717160462,1,1
76,234,183,17,4.498140774725003,0.6001817406885511,3,0
124,224,123,6,4.280190326353562,0.5190159299811761,1,0
299,328,239,13,4.398237938672052,0.9675661099128157,2,0
136,476,194,26,4.754717298348442,0.7149620731656533,1,1
337,461,105,12,4.875437494222204,0.8503312150631237,1,0
290,354,284,21,3.4646593250655955,0.6310942369518789,2,0
194,208,162,23,3.145143272811423,0.5729267224738388,3,1
134,313,191,16,4.549762025737318,0.7739602240428591,1,0
282,329,217,33,4.294121124410772,0.8540459328329606,3,1
168,248,236,10,2.848465864083638,0.9250854619518963,3,0
252,410,248,34,3.904921111530889,0.5591287250729686,1,1
92,287,190,25,5.460517879723724,0.9827143666120763,2,0
273,331,146,34,4.289204761604922,0.8845994383335938,4,1
66,312,122,19,2.682679815716197,0.8437642650866941,2,0
96,382,202,13,3.475847989486967,0.7926390198847206,3,0
295,492,270,25,5.401529237932833,0.8745728250218381,2,1
301,161,265,28,4.482044185945203,0.9221194277875187,1,1
325,294,297,12,3.065640202989855,0.9079112282430146,3,0
113,145,150,31,4.500898415010208,0.5942090133226512,3,1
180,331,93,14,4.849666337878291,0.6990861341538512,1,0
209,103,174,14,5.351027742192736,0.7841998950690264,4,0
334,221,237,15,5.117360813533766,0.7466224447897089,3,0
299,318,239,8,2.6154548170253853,0.8409098718947559,2,0
218,286,150,20,4.403416136854693,0.8491323771388622,2,0
133,314,209,34,2.820300041700544,0.6793965862461886,3,1
83,276,190,37,4.3330133797506,0.6601472267159632,3,1
207,245,267,16,5.111952537626397,0.8914735093109434,4,0
255,301,140,32,5.005978188954524,0.8254615270070307,1,1
122,262,279,34,4.51315214836569,0.7188223010060619,1,1
194,215,298,8,5.481035818103721,0.6161597317243577,4,0
120,156,174,12,3.6239744347658727,0.6339601424611828,3,0
171,274,230,22,2.7412959285691714,0.7988065706017413,3,0
212,161,83,23,2.712469805984902,0.7247763336502022,4,0
194,191,123,20,5.15160129505803,0.9391928578974473,1,0
333,464,129,36,4.164962725114423,0.7229506652101368,3,1
250,244,244,5,3.3109922314492204,0.6925006532253373,3,0
286,452,270,21,3.1143923849057833,0.5066096054223952,3,1
280,160,103,24,2.5412500370431346,0.50445873115939,2,1
203,101,236,24,3.2268918292059556,0.8356061659530489,3,0
102,433,153,37,4.489955457242571,0.940940931637235,4,1
104,183,258,16,4.996674875479858,0.6108750942270345,2,0
110,121,161,26,3.4716838944553086,0.6135220321924131,3,0
302,202,253,31,3.797079952288545,0.5221890061344872,2,1
66,486,234,39,2.55752198653746,0.9435893362316301,2,1
195,283,298,22,4.542199634698584,0.5304837594987121,1,1
128,263,166,18,3.7756988633164403,0.9345852798437804,2,0
108,338,297,26,4.9065547534601,0.693851208126672,1,0
227,434,137,11,3.8723248505900925,0.5733047993907578,3,0
338,348,128,33,4.309357354706641,0.5999484895244879,2,1
259,433,99,21,3.440594304685873,0.5895218033941306,1,1
130,300,279,11,3.6463258608373446,0.7439834270924769,2,0
233,332,199,26,5.29739960482758,0.562228690391208,2,1
338,473,168,15,4.430567358345911,0.5631850703305457,1,0
164,106,267,8,4.535951732409625,0.5435564928939898,3,0
194,363,250,26,3.578306800816611,0.9957859002313594,3,0
69,218,97,12,4.237226719903781,0.7203409006013386,2,0
249,486,196,20,4.850919988950814,0.5562360481652977,1,0
318,136,292,16,5.276731735194213,0.7814301073438885,3,0
93,155,227,26,4.853518809859208,0.5237438466616484,1,0
311,197,285,36,5.312523482636445,0.531263983234052,2,2
345,248,196,23,3.3901137653072255,0.7052109699002105,4,0
304,122,108,28,5.287720545565562,0.7572603884705004,3,1
169,425,244,26,2.837711306929981,0.5969439832993273,2,1
108,432,287,5,5.018002440455481,0.8505482193419966,2,0
295,178,252,9,4.585977018958734,0.8226845382849914,3,0
158,210,87,32,4.089684572700991,0.8745005327700737,1,1
73,498,280,26,4.674595784058741,0.7487857434246319,2,1
235,498,296,35,2.957110895029921,0.582109784646706,3,2
219,210,152,13,5.108348574776599,0.5943088924303288,4,0
167,488,196,7,4.225822548573291,0.6753943462028296,1,0
122,221,98,21,3.941182060729079,0.9187788099960492,3,0
110,456,149,33,5.2064314495353905,0.6123283686162181,2,1
95,139,274,30,2.550205225079478,0.7359289192845175,1,1
83,369,139,26,5.25171008098974,0.5074733152720611,4,1
60,111,187,12,4.05534024772317,0.852288010331717,3,0
342,332,137,16,5.343772783059022,0.8165389744762519,3,0
223,408,247,32,3.7523154580971276,0.8996490808127515,1,1
196,390,83,28,4.289382294473817,0.9695801428433899,1,1
326,230,269,9,5.307217660441308,0.7378938087420002,3,0
349,362,234,10,2.6682693734195957,0.5991308807244577,2,0
310,143,251,14,3.5213365974160524,0.6884745390165614,1,0
255,116,286,13,4.479590424451786,0.6738457221181935,2,0
113,137,87,24,3.0949870552348173,0.6918000521922781,3,1
188,378,266,24,2.933059550204639,0.8003324230772025,4,0
100,263,293,13,3.074406605769317,0.7621372555606207,1,0
301,213,114,18,4.822790033051675,0.7546349776879627,4,0
337,382,247,6,2.5177896984345134,0.9230886752150348,1,0
142,233,259,24,2.5130578040346174,0.6601201734223231,1,1
87,118,273,19,3.019903932316529,0.8951965709467422,3,0
317,464,261,30,3.2619329949881215,0.7920154688487726,3,1
162,208,215,24,2.9163803755425786,0.8985212178779527,3,0
232,238,225,39,3.060783760551821,0.698806499195981,2,1
104,129,128,35,5.0277469238998655,0.7017910320184337,2,1
220,216,232,16,4.842042043869436,0.8252250266657939,2,0
102,221,253,20,3.343895167042735,0.9797106353174319,2,0
336,405,271,21,4.942939528461492,0.5473054294140607,2,1
341,100,204,38,5.3148313577445405,0.6056810363117557,4,2
297,471,105,19,3.2481619501042376,0.5141123153511218,4,1
217,139,89,12,2.8314384093288196,0.6654185473684184,4,0
106,277,87,30,4.487960739233654,0.6894594909555143,1,1
68,464,207,29,5.4942548396377635,0.7222391621207449,2,1
311,359,129,15,4.832715177775791,0.9746574165466282,3,0
93,395,193,5,3.1958424286514413,0.5725408558507331,3,0
173,344,270,35,4.780829576105569,0.8131990893332062,3,1
122,370,163,26,3.4393281729412735,0.8193482230017612,1,0
110,102,215,9,2.9138917589112743,0.5650966173775858,2,0
339,256,97,6,3.346716140925082,0.5775644188862812,4,0
64,327,278,18,4.524566681918348,0.9213771255887335,3,0
344,164,222,11,5.254645451804288,0.7803693726197386,3,0
213,257,86,35,4.2175459567435585,0.8553878251800027,4,1
87,150,241,21,4.5696611684652755,0.862885524933459,4,0
207,442,183,26,5.3704011133194935,0.6312135574471522,4,1
264,271,250,22,4.245315494993971,0.6645526791750969,3,1
139,235,241,12,3.545650595069015,0.5805512732657031,3,0
326,402,195,9,3.2717467151323105,0.891548952338667,4,0
131,327,195,36,3.303766353114181,0.821217852701936,1,1
328,189,227,12,3.6207613369445664,0.637364792192143,3,0
124,290,128,36,4.135053718819282,0.7589422795261128,4,1
264,260,170,14,3.106846013660282,0.7285563944921181,4,0
263,182,87,22,5.295480006761737,0.868898896968394,3,0
281,248,249,19,2.9002495258844183,0.6956817148077225,1,0
75,146,247,11,4.189087986187576,0.923028139049753,4,0
245,192,260,15,5.018120019141721,0.7373511591663005,2,0
77,180,145,18,4.438599662022542,0.9304252012759278,4,0
257,348,223,17,3.8047236499946386,0.9096643814231719,3,0
222,494,264,17,3.8445838011567566,0.7890926551630546,3,0
70,158,233,36,4.520755105641708,0.5670874993921322,3,1
105,321,96,12,3.8375299984504627,0.5692668306683983,1,0
110,485,224,14,2.8059474853921618,0.6805189218138439,3,0
342,440,158,29,5.024283250674691,0.7389959010609967,2,1
285,287,242,5,2.613367121650046,0.6318108570408005,4,0
92,146,121,21,3.3675944562670432,0.7966809360997023,3,0
285,179,97,32,3.7927317497944077,0.9101316652530822,4,1
234,271,203,32,3.562555768643786,0.8547445195794172,2,1
337,351,272,33,4.725370006503707,0.5459865275690959,3,1
286,294,219,7,3.141796822720158,0.9848179718309155,4,0
184,372,238,35,3.3242712732016373,0.5034861321478696,1,2
197,483,115,5,2.5586451813951943,0.7142436517546911,1,0
189,301,217,7,3.10772396396951,0.550751000391129,3,0
145,439,228,34,3.9488018610512023,0.7715973094479567,4,1
140,241,105,20,3.861610141075041,0.8164409467668737,1,0
176,180,299,21,4.070942173408571,0.5893499404148634,4,0
160,279,222,16,2.6580676319345136,0.7107778220572718,1,0
295,403,144,31,3.4376709343764187,0.6339084142771512,2,1
129,238,285,35,4.36679197853963,0.5387371821679934,4,2
253,387,141,24,3.2873551193659667,0.7313833003721728,2,0
228,357,210,29,5.302747012213429,0.5618595024237816,2,1
209,204,88,9,5.053150874164022,0.7371717914032726,2,0
316,147,97,35,2.751683940544434,0.9962840413699845,3,1
243,449,289,23,2.8182218528113445,0.8354222728304035,3,0
82,214,161,9,5.413781192516991,0.9358336939302407,2,0
310,437,235,39,3.584739433701908,0.5836303760350852,1,2
146,149,97,33,4.54725025684571,0.8687928007453428,2,1
288,481,264,15,2.8728652924900384,0.6979774624960597,4,0
254,193,89,7,5.002206546246471,0.8320014280931948,1,0
331,147,230,19,3.9454037462521514,0.5957157273337644,1,0
219,382,282,10,4.597871390139135,0.9036489248990995,3,0
302,341,113,16,4.484592376486876,0.5483949819424495,3,0
155,162,285,13,5.394426300349426,0.8923493793582316,2,0
205,189,293,30,3.817521288417027,0.6299325598391807,2,1
204,207,84,24,3.3496428447821747,0.7948163901798673,1,1
88,470,88,29,4.726483819037429,0.8276002425118991,3,1
249,368,232,36,2.9128236916281613,0.5421516086755263,4,1
200,484,90,6,2.7178797295160506,0.8464510778516592,4,0
228,234,148,20,4.922599817983711,0.9196492303949857,1,0
72,420,136,19,4.73660613670091,0.968087201539726,1,0
221,284,189,19,3.6446951981922187,0.6428337431839275,2,0
180,267,171,36,4.931990327345568,0.6529041135654048,4,2
310,458,204,9,2.7138723407481717,0.8150148337413968,3,0
127,442,97,18,3.1737433704939724,0.6181250852769424,2,0
68,227,112,7,4.604933729171178,0.5239006104635583,4,0
94,212,254,11,4.154682459548653,0.9382746485451379,3,0
111,132,288,33,3.4464653758311012,0.5781565077645034,1,1
225,271,206,19,4.412641462721793,0.7944254846209295,3,0
301,364,103,26,4.879794476134647,0.9346557980083927,3,1
82,353,103,27,2.5936211596041314,0.6618814749061712,3,1
81,212,85,29,3.7766164664916486,0.957653810138251,4,1
193,358,144,11,5.48557096675065,0.6910259752481294,1,0
92,472,221,14,5.174213811386041,0.624082992374947,1,0
90,165,231,9,5.3664787277651715,0.6781669408236481,2,0
120,453,106,7,4.602952381639093,0.7414096238826356,4,0
92,102,289,19,4.483319881390218,0.9826132845471707,1,0
246,268,115,30,4.402458384787671,0.88289804449402,3,1
95,413,204,25,3.236108151485976,0.9575987346564444,4,1
343,294,210,34,4.361321189286944,0.7514761444127749,4,1
267,279,242,35,2.7396908678466487,0.7915860681181408,4,1
308,213,259,39,4.266785547567695,0.525109157150518,1,2
324,449,214,36,3.9028496353153357,0.865752098324639,3,2
230,277,272,35,2.9324260975101106,0.6250858378866919,4,1
293,313,160,28,5.3680844787524356,0.9470096429580814,2,1
307,420,220,16,3.763812483806378,0.5735852968212274,3,0
86,383,195,32,2.5159476611527993,0.847942684628397,1,1
122,189,110,19,4.106067993420137,0.9766144096627598,2,0
158,104,242,16,3.175249466138738,0.7274123599858915,4,0
176,339,241,10,3.466388891939748,0.9029903869076428,2,0
305,389,249,38,3.7001381295817857,0.5015092967189549,2,2
86,348,140,38,3.474301536526417,0.5826013591190549,4,2
214,186,178,21,3.692776702699439,0.6274557256044453,3,1
183,469,229,5,5.494176789289289,0.6217873342271909,4,0
199,424,287,28,2.9546301613275747,0.5883476914292868,4,1
66,252,81,21,4.406511598606437,0.5613984272894044,4,1
157,116,169,28,3.78321869309287,0.7861877027685904,1,1
236,401,269,32,5.035995111094854,0.5427922104585888,2,1
280,279,166,22,3.3943217047560594,0.716075101608127,3,0
331,416,164,13,3.476998066347088,0.8599171864174778,1,0
76,234,204,13,2.860326586776746,0.647502541967198,4,0
295,499,204,21,3.294791211162666,0.6895815940263434,3,1
209,224,178,13,5.1571761104075895,0.9130092221526971,2,0
206,411,159,29,3.5256582717130294,0.9282537267263729,3,1
95,218,130,21,2.654136730086521,0.9895759518107089,4,0
89,142,153,5,4.33467899921703,0.903860891449483,2,0
90,485,272,37,5.008268755767364,0.8837882899488685,3,1
212,222,126,18,4.67541814273329,0.7148457559086543,3,0
346,380,265,6,3.2852593550288023,0.8862090048057709,4,0
113,220,267,6,2.7852975905334456,0.6843927235179155,4,0
209,436,247,22,5.4965257124935984,0.6748342376691897,1,0
136,411,168,20,4.401814918426701,0.5366376453339881,4,0
91,445,105,11,3.6765857147343874,0.6667074747725894,1,0
180,380,97,21,5.335625782200488,0.8679414480008918,3,0
140,200,291,26,3.548816984065735,0.9960664762840827,3,0
315,354,144,5,5.088224775653316,0.5592091681601413,4,0
326,420,214,34,3.3685395753426155,0.7281866068947181,1,2
83,282,187,36,3.3597625259559076,0.5813420455264471,1,1
275,202,147,15,4.05510503998652,0.998707285912763,1,0
173,266,104,16,5.103686751123783,0.8266381432472374,1,0
187,403,208,37,3.240113356873682,0.9079059289461064,2,1
275,187,137,9,5.053897415226252,0.7267794149134919,4,0
174,262,144,7,2.854036289663213,0.7777317108255573,3,0
305,302,194,33,4.66824310473018,0.9170254809059032,2,1
213,315,178,31,2.727447785709045,0.7466687554827857,2,1
151,436,188,16,4.2667858099464215,0.5074462633198338,3,0
195,480,135,24,5.37004963210341,0.5113589947776627,2,1
305,161,266,19,3.5010140848654308,0.5954764404475129,4,0
166,243,133,17,2.6841525830342237,0.9537602610207114,1,0
108,333,195,17,3.2552485596506116,0.865802571947172,1,0
222,183,141,20,3.467541504533602,0.6931368264430742,4,0
159,424,127,18,3.8706878755158427,0.6438577417941534,4,0
256,448,173,13,3.27789808883457,0.6476474626650801,1,0
165,307,98,6,5.106700618674226,0.9297974415987675,4,0
178,262,175,36,5.129337458151937,0.6148548494582657,3,2
218,265,142,24,5.2768888654072,0.5456359414467513,1,0
258,263,212,34,4.7205848915520665,0.5122437278673244,1,1
253,439,159,23,2.9302555001345016,0.5052571926458913,1,1
136,292,133,10,3.1460997472675594,0.9011656328591162,4,0
64,161,94,23,4.851066751655264,0.578106506347143,4,0
278,361,215,11,3.1887036899617884,0.6547594879476358,3,0
72,318,255,23,4.705692088362608,0.7257209690239457,2,1
331,113,125,16,2.763540001052372,0.5857492215480354,2,1
108,303,104,34,4.351852312498227,0.6181647895549782,2,1
143,263,207,13,3.4941460389438426,0.6617486909873302,4,0
183,263,155,14,3.894756589688467,0.6900594630348078,2,0
204,317,172,16,3.80704258645022,0.9131316525970898,4,0
306,124,213,39,3.0677558419480735,0.8127974798564648,3,1
233,336,295,20,5.036193315285455,0.7013364877046091,3,0
251,134,278,13,4.25742301141708,0.886328119969056,2,0
319,440,118,9,3.8596716158888915,0.5217166200747234,1,0
153,400,127,13,2.7942019173733255,0.5612777159033175,2,0
131,400,90,30,3.5756206171119356,0.7659974138261314,3,1
342,458,256,20,4.489460981237338,0.5125177397776939,4,0
310,496,237,9,4.0198315701567795,0.5415173028882868,4,0
271,461,99,31,4.80781782142204,0.7485358692763183,2,1
180,364,234,33,2.797152874160642,0.7136753053208005,3,1
75,278,91,12,4.59654544348719,0.807970574629026,1,0
295,204,213,36,4.695439578180803,0.7840739630905296,1,2
297,214,130,29,3.568522124219405,0.6930004270697085,2,1
212,408,282,6,4.346497676461283,0.8288898859598783,2,0
196,371,125,28,4.807562952376453,0.617353520957098,3,1
322,366,187,5,4.659629887072167,0.7339455188327335,1,0
121,180,127,38,2.6273780348057754,0.5313972449083996,1,1
203,295,221,36,4.026708131044671,0.5658086619471676,1,2
217,286,170,36,5.456967658480273,0.5015333344300505,4,1
94,471,152,36,3.4526327318477112,0.7342835605777386,4,1
147,234,299,7,2.6349525062130787,0.5041593253741137,4,0
293,351,154,8,4.214178056602086,0.9545674106076842,1,0
195,329,288,7,5.209851773625603,0.5527556903308859,3,0
163,466,223,35,2.731102413874947,0.5825682075492464,2,1
317,179,121,18,4.1390928398989235,0.9188459261537638,3,0
294,406,131,5,2.929953764983435,0.5820060468199022,1,0
109,379,275,26,4.898865232688728,0.91105510822613,3,0
234,452,278,36,4.966752744964833,0.7773294349746269,4,2
241,476,290,36,3.8883037165211296,0.8788714966968594,2,1
167,308,213,23,5.391626087650348,0.7820657679061797,2,1
207,397,80,12,4.089977238515912,0.8899581202969744,2,0
255,251,232,33,4.804576759450982,0.6177782738762663,4,1
227,222,237,25,4.727477835204388,0.6703842174865515,2,1
149,101,218,12,4.525811906735017,0.549386740352722,1,0
169,178,240,20,4.92097981188682,0.6395721122388673,3,0
323,366,84,33,4.608219755965118,0.5458894180185965,3,2
111,303,106,19,4.152043164631333,0.9837151502153179,1,0
327,409,167,30,4.174215056845073,0.8196882168512154,2,1
258,381,136,6,3.316790180398802,0.7626432230671853,4,0
138,147,99,32,4.461534305303941,0.7801881197633211,3,1
218,157,104,31,3.5811832085656627,0.61764858054112,1,1
176,498,195,11,5.3186961066955405,0.7341228818770955,3,0
76,475,218,7,5.302090598862734,0.6483577140893451,1,0
318,354,204,7,3.103815852714258,0.973624142558666,2,0
213,207,132,19,4.042941808704195,0.9584339729490848,2,0
259,343,103,37,5.215645513433168,0.5551338778428704,2,2
113,285,144,8,4.605117132183707,0.9513470134563251,1,0
153,413,81,27,5.2358584463313855,0.8473910095731192,3,1
240,130,122,15,4.1921801734940125,0.6321243814514939,4,0
171,179,87,17,3.926996255373862,0.7361664151925196,2,0
125,176,291,24,3.1893465358669766,0.9342437398755312,2,1
336,139,225,5,2.711783872363866,0.8603698167211106,3,0
60,253,132,14,3.264789442412537,0.9761932545558606,2,0
208,235,83,14,5.136154324524692,0.7749555953005199,3,0
68,184,290,29,2.683836047698975,0.529743492379565,4,1
256,211,296,17,3.1888271276428615,0.9676428821342666,4,0
102,475,229,10,3.2047878682487676,0.5691508213182013,1,0
146,327,150,22,4.252070009218144,0.8999365505696847,4,0
309,209,95,23,3.297565962183088,0.5311706199939302,1,0
309,409,260,33,3.56773804875132,0.8783081211130874,3,1
273,223,109,32,4.485855388063227,0.7357520491399925,3,1
304,351,143,13,4.757125940468041,0.9427421567636354,4,0
168,255,232,36,5.428363126621981,0.5466568753051071,3,1
246,259,148,5,4.89017147198687,0.9725134127689488,1,0
276,399,214,33,4.567279434891317,0.6604827211130416,2,1
147,139,187,34,5.078304282603314,0.7086679087791392,3,1
142,423,129,34,3.018080787386609,0.7443577517543774,4,1
348,486,296,36,4.738223416473145,0.5941862642587504,4,2
283,290,143,25,4.250727905646178,0.717754470399651,3,0
81,282,144,23,4.4408879371942085,0.8640256853166036,2,0
204,283,193,29,3.438990698517057,0.6956008834401477,4,0
187,109,175,37,4.795792315300479,0.9664560745991504,1,1
185,159,171,10,3.9981174880608825,0.9550681452111662,2,0
255,492,262,27,5.234719691144445,0.7852677739876255,1,0
90,437,101,33,4.221379844133342,0.6095373474045996,4,1
231,392,197,17,2.5180718940405713,0.8221344974413125,1,0
229,202,273,39,5.2044356174576585,0.6642762285756211,2,2
105,374,147,11,3.9230189392597707,0.7274125470500294,3,0
173,299,231,27,4.683321304721581,0.9232164235956095,4,1
211,264,88,23,3.597842273803065,0.8461751444958951,4,1
186,202,298,21,3.2618653322314857,0.5558568092017373,1,0
175,383,291,18,3.102208784790319,0.961630065493784,3,0
325,273,267,30,2.577109621553837,0.8187867195183782,2,1
295,173,292,22,5.029531967261793,0.6667111694293585,3,1
67,374,270,34,4.7180812295912515,0.959550704844238,2,1
309,104,232,13,3.0255070193929456,0.8384957442267349,2,0
309,332,102,27,3.7527347280344467,0.5020137366214414,3,1
157,115,277,15,3.7464709250759944,0.6570776685296598,4,0
269,139,287,16,3.006591053405833,0.8094476925150006,4,0
90,268,222,24,4.63936471936882,0.7845067456189512,4,0
223,344,89,11,3.7936965382005727,0.5787099785283587,1,0
320,153,90,7,4.036727829208201,0.5114628736665779,3,0
333,159,118,6,2.887510841614068,0.9023332953095151,2,0
133,452,200,15,2.9592582229432063,0.5739245451080109,4,0
229,182,119,11,4.841773285908522,0.9296808767792237,2,0
208,345,249,26,5.4746693124237895,0.6590253400493578,3,1
337,455,274,31,4.517953016046867,0.5788994588793899,1,1
197,140,150,22,3.549783145639149,0.6872791324903412,1,1
225,241,174,23,4.244034304996492,0.5464085647665184,4,0
261,497,233,39,2.6347939529898525,0.5561505908656144,1,2
331,225,178,39,4.134089258773825,0.6824658621125124,1,2
175,458,297,20,4.996602497335613,0.506192729422818,4,1
73,284,152,8,3.817825793867566,0.7372530739338591,3,0
299,279,237,25,4.421271315890401,0.6256655311218657,2,1
125,344,140,8,4.251603986974538,0.93445592744631,3,0
226,341,199,12,4.422663704622185,0.857242292195687,4,0
271,376,145,27,2.9517976491637707,0.8165298360004292,3,1
173,289,84,38,4.788597580971231,0.9136851599438618,2,1
155,215,236,30,4.527262657254561,0.6554688690504997,3,1
218,456,116,16,4.47863219175593,0.627798073923275,1,0
75,465,120,30,4.434466504576092,0.7460969299691655,1,1
207,399,220,7,3.5068857285244928,0.8261939079901043,4,0
299,161,278,22,2.886348410329953,0.8645066420913015,3,0
347,115,266,13,5.21276546163732,0.5846276015745709,3,0
218,263,212,27,4.2500417904192815,0.9450979854479281,3,0
66,177,88,22,2.635787605842647,0.6203815920158071,4,0
187,188,81,33,5.065169877491348,0.508047918391354,4,1
348,312,198,15,3.20294722321563,0.9338046597225156,3,0
243,237,225,13,3.1019665430755605,0.8557964247958411,3,0
330,112,165,26,3.8653040130187364,0.8908548525770049,4,1
126,460,247,21,5.46435092379972,0.7781574857994655,2,0
229,245,123,12,4.654240046419247,0.5288026050897323,3,0
173,483,160,23,3.845212820951829,0.6638285005237456,1,1
118,160,85,30,3.658075207776321,0.6831967560728243,2,1
302,288,156,9,5.442365056964805,0.9214541946605677,3,0
199,136,205,27,4.639075071674953,0.5879288238273739,4,1
157,200,229,22,5.216258866863955,0.9252641681243738,2,0
107,111,249,5,4.619548341196191,0.6094644127608203,2,0
268,178,180,30,3.6634230491354627,0.5066129542880338,1,1
301,194,211,12,3.5649066367493996,0.767517088891362,1,0
321,274,285,16,4.739180208309243,0.9214187305816923,2,0
254,328,234,22,3.2410948538130286,0.5832744743815832,3,0
250,236,216,32,3.8530706109247044,0.8483970281777065,3,1
200,426,87,15,3.918678728060707,0.9280446549320722,2,0
278,275,176,10,5.088480550792882,0.73732961033375,2,0
165,245,214,16,4.336948688953168,0.8836608166023656,2,0
106,130,275,26,3.4426726341279665,0.7310384828954886,2,0
113,346,162,25,5.3456000615071035,0.665106272481022,1,0
318,353,148,31,3.3243384634458084,0.6687629467373879,4,1
117,221,160,19,2.8007569849819514,0.866966982477035,3,0
90,297,150,13,5.2504734850132015,0.6730573794113144,1,0
97,362,153,11,3.6223241941026583,0.9004843574079369,1,0
77,217,94,32,4.358987272169219,0.9284538625642677,3,1
317,457,211,29,5.212148877302282,0.699357704202199,2,1
79,353,281,36,5.454639007782242,0.5539605010814481,2,2
318,438,277,35,3.332318222015651,0.5203845881436611,3,2
100,200,206,16,5.412490307390355,0.9472931337396575,2,0
143,320,284,8,4.510561882958252,0.895581348132084,2,0
235,141,182,25,2.6413702167480055,0.9100144435524524,2,0
127,238,82,28,2.6603418089014816,0.8695846815428394,2,1
289,430,259,26,4.9640942855389705,0.5716437272272845,2,1
194,332,104,9,3.1058492683619647,0.9711786004917544,3,0
296,363,232,34,2.597227469915888,0.7820141767943911,4,1
282,122,284,11,2.786020924429439,0.539078986572587,4,0
261,164,85,36,5.035029068757442,0.5043741279432143,4,2
104,149,211,38,3.4581004264910775,0.8794036979918759,3,1
87,198,265,9,3.1915862943960955,0.9553187399377177,3,0
146,390,149,36,4.550252455191948,0.7055573695990345,2,1
264,196,105,12,5.139996694204772,0.906464149164061,4,0
193,422,149,39,2.589540832568784,0.8055117557380271,2,1
154,383,239,25,2.6329653769939605,0.9022468377067514,3,0
138,460,251,11,2.810686768831811,0.5132667165331618,4,1
253,475,149,36,5.171631443350254,0.6197382260002233,1,1
142,175,248,28,3.8482468399262233,0.8888308746296729,1,1
330,126,282,16,2.98519660117704,0.9828463509785075,2,0
345,239,109,21,2.5608086816609448,0.5751635204363376,1,1
256,202,173,32,3.705419173788001,0.6536667658153278,2,1
283,370,81,20,4.495807104498969,0.9066824927317121,3,0
154,353,89,23,4.019650832852929,0.866168940256886,3,0
300,445,257,9,3.9428611572129606,0.7719649753182758,3,0
155,135,202,15,5.061539550588767,0.5743756707702046,3,1
123,458,283,35,4.045151163203969,0.9753373799356603,2,1
304,172,245,5,3.515820731951396,0.7569377315444072,3,0
78,304,242,17,4.789506159120263,0.6984125378607466,1,0
301,410,210,27,4.0902943512341405,0.9883749594412056,4,0
138,333,141,38,4.440307772018823,0.6124578269831185,2,2
250,281,90,11,2.553167650843016,0.5118979755011122,1,0
345,137,170,7,4.055251344853029,0.938095081288532,3,0
141,407,189,19,5.447294345874592,0.7362182410955644,2,0
109,284,81,26,4.893043065068891,0.8537381819648525,4,1
204,293,170,7,3.2821175168356147,0.6174162821017299,4,0
105,322,271,8,3.8077367909216893,0.7170285524356309,2,0
80,186,103,9,2.6784104786781304,0.702518871161883,1,0
278,326,80,27,4.637741783069048,0.9473990322762424,3,1
99,284,290,15,5.273710015907307,0.6529925946423796,3,0
75,395,218,32,5.0115376053816885,0.6406614354108211,3,0
263,371,110,15,4.056598948043918,0.899863838966191,2,0
143,441,117,31,5.078181046874538,0.8326276540283246,4,1
304,347,286,30,3.99011346177243,0.7699608621107779,3,1
289,305,278,36,4.094030627039354,0.5054438094811342,3,2
304,324,141,25,4.84338097685466,0.7655079069814559,1,0
152,238,97,9,3.8509053303509844,0.7237605058143141,4,0
71,283,90,33,2.7895693388166127,0.9530511244537362,4,0
250,209,83,25,4.052721200443541,0.7201759467446007,1,0
94,115,152,34,2.5024610246757613,0.9507242736093864,4,1
142,305,96,30,3.744867496347883,0.962246119097655,2,1
288,298,182,16,2.6362964745024917,0.8329884721435872,2,0
312,162,114,24,2.8443023774498837,0.6848676246826277,3,1
72,392,134,34,5.366174771542977,0.755648575643459,3,1
147,221,145,25,5.242942382466966,0.7011250190957604,2,1
275,367,251,31,3.410881141493914,0.6178747818193207,3,1
110,141,152,29,5.2361281685697625,0.8131576548286472,3,1
126,196,202,25,4.907210085928118,0.7842004951586068,3,1
331,148,217,17,4.994519949746623,0.5206222552821377,2,0
131,133,249,17,3.1999351576208444,0.952660370285487,2,0
68,262,103,21,2.917947359182812,0.816666238767708,4,0
272,254,234,31,4.663301905444081,0.7626106285993093,2,1
342,164,161,20,3.910177147861453,0.7327755340953371,1,0
211,249,172,26,2.969908861410918,0.6041860467227412,2,0
67,239,149,14,2.581629018126847,0.6375654052305768,1,0
267,201,216,7,2.7752958342727254,0.7310479588733558,1,0
221,395,174,23,4.910179404506629,0.6898903103102314,2,0
310,290,119,26,4.1263514407790005,0.5778272797596549,3,1
302,454,261,17,3.553652198470641,0.7128112593321387,3,0
301,227,237,25,4.138292031995632,0.6334213231963648,1,0
240,101,267,14,3.0964685866751887,0.7389952142585805,4,0
88,422,282,25,2.5100715607616184,0.710654100664418,2,1
156,205,98,11,5.482517385545956,0.5060548407882507,3,0
93,223,178,33,2.985371003316959,0.5737222008745282,3,1
198,153,97,28,3.600566102041738,0.8209505644027966,3,1
323,296,234,19,2.9560734773887924,0.8826035299169123,3,0
218,236,140,33,3.434945080991073,0.8827634680847014,1,1
295,122,217,27,4.238304167876283,0.6982951300751057,3,1
131,256,95,18,3.9660492745421507,0.5260500940884005,2,0
130,368,156,29,2.5695581176153586,0.7413602962574384,3,1
170,301,117,25,3.27155347948052,0.7202544508231817,2,0
228,177,124,27,4.356167473953397,0.6809368213463123,3,1
100,419,107,39,2.639187554461346,0.9758722925670519,3,1
268,167,185,16,4.692856996078577,0.9619346765997371,1,0
274,120,284,13,5.394281433081681,0.993650703642019,1,0
143,144,196,24,4.8049575349137434,0.8437850984510846,4,0
64,463,242,8,3.9431282372035468,0.9492075118684904,4,0
148,196,270,34,3.5982266662591496,0.5993879116777343,4,1
205,414,151,37,4.799442164146223,0.8243860123664395,1,1
251,211,281,17,4.355258634555172,0.827181475020496,4,0
286,256,195,38,3.6267196457943562,0.6138360354917152,3,2
172,345,189,15,3.89269742379421,0.9796038222989932,3,0
228,414,204,21,2.522491410618486,0.8768908598193276,4,0
243,458,244,30,3.4480493558011904,0.7851844867611014,4,1
342,306,91,24,4.700023059715129,0.8779996974333814,2,1
139,478,95,24,2.556093772353963,0.86476393550508,2,1
323,253,174,15,4.921770305870636,0.5466945393623539,1,0
287,374,89,12,5.29530011075564,0.7969344960584155,2,0
196,356,233,18,4.647845208617772,0.98065206797316,4,0
140,443,209,19,3.8970764198590526,0.5132851252131571,3,0
239,287,199,26,4.5926940278828745,0.8576864290796264,1,1
99,118,246,15,4.929242843006611,0.9164086676018354,4,0
212,109,288,6,4.63135975754094,0.9150022098593285,4,0
125,372,145,35,3.207301121117193,0.7241591297961691,2,1
222,118,260,21,5.0779563611942535,0.6676052838377986,1,1
255,256,277,5,3.673637759668061,0.8024769768759539,2,0
228,177,201,39,4.7129342820284945,0.5384411744263635,2,2
272,401,227,32,2.5629209937370354,0.6008384394289596,3,1
102,243,130,38,2.875836965314244,0.7010942183784279,3,2
104,135,108,14,4.69943111840899,0.9750959352077788,2,0
127,126,205,6,5.007231710282828,0.7220715444316668,3,0
103,340,212,20,4.738309473949794,0.9335199046885754,4,0
158,306,228,37,3.7212086437924943,0.8308395841760112,4,2
264,196,115,21,4.020849139375924,0.6897981762984706,1,0
86,426,143,10,4.221224696342086,0.5387671950042131,2,0
84,323,154,33,5.111546565137283,0.7985644483670472,4,1
342,461,226,35,4.187989255063496,0.9257265878577142,4,1
204,210,291,5,4.376655093975305,0.9119220728288981,4,0
123,491,187,19,3.2054333540606827,0.9836304987713833,2,0
100,193,90,16,3.520640362314274,0.5553358501969824,3,0
104,263,287,11,4.214197414136667,0.8246514049521593,1,0
341,237,118,39,4.892544161114902,0.8934062649986073,3,1
220,294,152,39,5.460217441967142,0.6151997241219884,2,2
332,204,225,15,3.3247554639640953,0.7334274502741218,4,0
189,302,200,27,3.256794325785254,0.6114041420595815,3,1
145,382,273,13,2.600283166336607,0.7318496310279765,4,0
252,473,202,27,2.7164561236322755,0.9567268794991275,4,0
246,348,270,30,4.981609972234408,0.8448496249915484,1,1
182,457,133,38,3.6791900780899236,0.8035200687740408,1,2
316,284,280,20,3.3838261564928613,0.5795854693827378,4,0
87,455,86,24,5.349273914409841,0.8898055382780371,3,0
311,278,210,28,5.229865591989515,0.985285896039546,4,1
230,250,216,20,5.381987807642114,0.8136984623704682,2,1
99,367,139,18,2.755655636985516,0.8688565647852098,3,0
321,257,194,29,2.9337918753627044,0.9801995397253589,4,1
176,339,233,11,5.251652373837734,0.6208193011898324,1,0
338,286,247,16,4.431938770490499,0.8166926645536892,4,0
95,276,171,13,5.268585151574909,0.8438457636495044,2,0
228,302,284,24,3.5914784533996382,0.6797824449082461,1,1
225,375,203,22,5.057157828784805,0.7563664559837817,4,0
180,408,190,24,5.315541712626737,0.8204818198910846,3,1
258,224,214,11,4.759558033724574,0.7966379801242226,2,0
292,203,264,20,4.073123947948018,0.8649547900319929,1,0
205,206,130,10,4.987833950454977,0.9238264534866168,4,0
101,318,101,38,4.645241670673579,0.757724576842588,2,1
298,155,118,30,4.937196861917029,0.6664519957294099,4,1
110,301,114,39,3.196292091679222,0.5366771661375618,2,2
332,242,271,5,3.316799044248836,0.7528775481302903,2,0
164,304,293,22,2.511189231965575,0.5299479590970395,3,1
139,239,102,14,3.350057397975478,0.9941724784999362,3,0
245,362,91,23,5.472638499635529,0.8999743383387592,4,0
159,111,159,27,3.406711472581472,0.5420415826526748,2,1
160,122,277,11,4.064204488124328,0.6055000146168237,4,0
328,208,230,32,4.042147870416101,0.7313711267171097,3,1
333,144,296,7,3.0562821244253184,0.9997050331014208,2,0
94,261,136,20,2.5715905103929018,0.6986876248920157,4,0
70,275,275,9,5.416628040308844,0.9566263932654766,1,0
63,130,238,33,3.377350350109247,0.8012204581194868,3,1
270,118,268,30,3.774967524895548,0.8928732487658855,1,1
94,197,218,18,4.448721538129239,0.5185774581391195,2,0
84,401,174,17,3.4380094951179103,0.9330787414009738,2,0
200,463,261,8,2.536389490069495,0.6595345904675312,4,0
163,181,241,7,4.784575217181646,0.565389828455401,2,0
104,206,146,12,5.438343779422628,0.9845252934652711,1,0
148,376,144,21,3.6853912303609833,0.8443036285585417,3,0
306,344,250,17,5.153495447165148,0.6096232830680404,4,0
293,315,235,15,3.4088446543004647,0.782328929729118,1,0
77,279,136,5,4.795991583803286,0.6455530077710241,4,0
346,381,257,20,3.152333351082984,0.9631803466784774,2,0
76,443,169,37,4.485461407467767,0.9002896036044361,1,1
289,400,141,38,3.1780044060375956,0.7324148099809908,2,2
317,448,117,5,5.0229800269568745,0.5950365426709059,4,0
156,387,106,39,4.91221031992665,0.9738494530806473,2,1
145,481,279,21,4.17989455930947,0.8118800792908611,2,0
61,474,256,36,4.844432934360071,0.9162026714891429,4,1
173,129,228,10,2.710316957389264,0.87389254720773,4,0
302,397,211,11,3.3326794552571464,0.7094122013949822,1,0
166,424,261,32,3.2742151818731,0.8266779430416525,2,1
119,351,280,12,4.621612741706219,0.6861730369941028,1,0
91,288,209,32,3.1279986078266777,0.9476438916553782,3,1
95,160,189,29,5.426599095260832,0.7719246656792298,2,1
303,269,86,34,5.439739212402358,0.7480531592313763,2,1
215,133,235,6,2.635594315392072,0.5007967475488193,3,0
92,260,264,19,3.7444855878945935,0.6356187086185754,1,0
210,306,120,21,4.116317976572153,0.594097644611151,3,0
286,276,90,21,3.0620173472330987,0.640569549288752,4,0
345,469,123,36,5.239600919136599,0.5851752572735341,1,1
144,107,138,28,3.381088275030596,0.9130071577240187,3,1
227,220,193,37,4.4936501774952315,0.5890195467236694,1,2
123,149,247,22,5.334995336457861,0.5303003988689097,2,0
292,443,193,35,5.051459911239872,0.6633809882939943,4,1
334,305,152,21,3.719748835448562,0.7646216116560205,2,1
346,463,290,24,3.7236495439126664,0.5087396544077658,4,1
312,151,267,28,5.3863249864231895,0.9332335189185512,1,1
263,334,285,26,4.038849702741579,0.681806536223914,3,1
149,148,156,23,5.307472092841493,0.6676956505438498,4,1
244,406,277,36,3.7586653288393004,0.8436270491633928,2,1
111,466,104,15,5.419581050870151,0.7948300789262985,1,0
213,273,207,29,2.817301953666254,0.9235629808598571,1,0
251,162,181,31,5.199361976601796,0.8176972492961485,1,1
246,188,139,26,2.62867467388465,0.8371524858326136,1,1
112,211,121,21,4.532369419553644,0.5897298408950351,3,0
97,111,104,31,4.48110619126757,0.573043594846482,2,1
132,425,101,6,5.10879857975215,0.7654444971061285,2,0
319,326,197,16,4.159165177253717,0.9568590524994149,4,0
90,123,204,27,3.7967395638145085,0.8324238263382588,4,0
294,246,136,30,3.354237709821998,0.9173249308230815,4,1
179,413,187,24,4.722969860351469,0.558748632741819,1,1
208,459,209,38,3.4823776190856854,0.6580970540973998,2,2
111,433,214,20,3.39899035531305,0.6273206168024487,2,0
134,311,166,5,3.224062250751216,0.9704312247325377,4,0
144,433,238,20,3.3431829485551194,0.9571456132616973,4,0
134,225,161,9,4.906948810228139,0.847469554143099,1,0
242,239,261,35,3.6078576401783318,0.8806313380347868,1,1
277,247,86,18,3.4203224790471114,0.5853944563863054,1,0
83,326,167,11,4.275332028778497,0.9888077409199924,4,0
150,146,278,29,5.195370564070172,0.5392404031602963,2,1
130,290,187,33,3.1053440823295393,0.8652032463574832,4,1
215,163,295,17,4.2689937343301025,0.7466326583582623,4,0
266,471,115,12,4.017120325900072,0.9484547354567577,1,0
210,226,169,7,4.648384962604698,0.6476698677913989,2,0
92,111,150,8,2.851514552306351,0.9189353118871567,2,0
343,378,290,9,3.6416024432441008,0.8879275202161709,1,0
268,161,241,5,3.146527075388267,0.5134622270111024,2,0
132,416,244,10,5.185232769137628,0.8133074604520579,1,0
329,385,147,12,4.068014726753235,0.9992349754834381,4,0
218,437,83,28,5.131572043329226,0.8708043881508231,2,1
256,286,253,38,3.8743427564338204,0.9534011410434324,2,1
306,177,161,37,2.541271251005278,0.659830881264426,4,1
340,446,174,12,4.336360806719578,0.9322910598291541,4,0
95,430,168,27,2.6390719694349563,0.9498335063701737,4,0
84,406,257,21,2.96230206939002,0.6348204812958176,1,1
248,401,211,36,4.200141316272729,0.9675845332638398,4,1
257,125,285,28,3.099135555768878,0.6942414320039879,1,1
307,152,289,15,5.1891807181077105,0.7269914526436076,3,0
188,447,171,26,4.403660171950331,0.9136306390470903,3,0
80,363,290,32,3.3687148331278367,0.5673700493026254,4,1
304,263,215,34,5.354282276632364,0.6201904745610591,4,2
291,138,144,33,2.5418076986955924,0.8555227007733502,2,1
239,259,282,37,4.237534665126917,0.9508960527420832,3,1
221,364,110,39,3.6549846788012164,0.721592400540761,2,2
260,303,275,5,2.9570285585976883,0.9131109719992249,4,0
107,364,140,7,3.5756525737749345,0.8904903105991073,1,0
64,494,202,32,5.057301420351811,0.6170911334783883,3,1
343,351,86,12,3.267888581355966,0.6031098826016288,4,0
99,140,275,7,3.5515274135948314,0.8007693286015767,1,0
327,109,167,34,2.7329183147872387,0.7948818553182178,2,1
197,305,128,28,2.6611988765344305,0.670527014825638,3,1
174,162,256,7,2.5155565951344014,0.85068319056481,1,0
348,390,246,24,3.614132148529062,0.5531711649695312,1,0
295,157,125,35,3.915972060075487,0.61954474756554,1,1
243,306,167,18,4.6519152554849805,0.8718036977288994,2,0
143,134,148,37,5.3395469151354975,0.8379798170873891,3,1
179,289,173,35,2.6339897774889156,0.9653284298014164,3,1
303,469,140,37,4.578196883094371,0.8129163268990796,4,2
70,126,110,12,3.4358439876885876,0.6650660835098359,4,0
269,187,162,33,2.77235988785511,0.7038624399213818,2,1
197,148,248,19,4.9288094151520525,0.6704644825813882,1,0
225,128,274,10,3.7178112503763776,0.8860297355123339,3,0
114,224,200,9,3.7846139803570136,0.5023326516121431,4,0
168,281,230,25,3.5194485483225217,0.9177001643885727,4,0
126,281,127,6,3.684218887013179,0.6650947050969505,1,0
219,225,144,26,4.1463825628535504,0.7408921283458312,2,1
160,277,136,13,4.441400689836678,0.9771592269896874,1,0
324,432,235,20,5.175942629475109,0.5967990001909267,3,1
191,206,188,15,2.5772279542144845,0.6089464130366204,3,0
209,438,266,18,3.6282398041229067,0.5537830699105504,4,0
160,169,211,30,5.426841050834753,0.7337295631569317,3,1
174,489,244,18,2.8913361778700435,0.6183555320142311,4,0
277,213,132,22,2.933271969435288,0.8002794947791441,4,1
107,380,155,12,4.241839002306196,0.9220386115348493,4,0
237,337,228,36,3.4657102557583515,0.5811797879014711,3,2
238,130,255,6,2.918802457163327,0.8963963168911143,1,0
326,244,183,17,2.815332546629832,0.8513935296716629,1,0
339,451,173,10,2.8989401197975333,0.6021000714840954,4,0
181,424,267,27,2.5216849824491696,0.9703344317569509,1,0
200,179,134,11,4.05875905590836,0.5633650132519357,2,0
93,195,259,32,3.6876109890642255,0.6406739618616961,4,1
270,467,245,20,3.2548781255738954,0.5191208648969634,3,1
282,424,273,37,4.804428241532239,0.8764272387096534,4,2
191,464,211,17,3.758772825680234,0.8803268425202799,2,0
168,471,263,13,5.137286119485036,0.7873980921926631,1,0
209,496,161,20,3.7669394528835074,0.534518643563763,3,1
182,483,134,13,4.675340481477939,0.5494281293412386,4,0
178,461,108,10,4.55258064503783,0.9564829670828381,4,0
211,306,287,12,4.269883010923738,0.77766459070286,3,0
275,173,110,35,4.038408970142179,0.7028648050484556,1,2
162,491,220,38,3.8709153324711085,0.9637480851834528,1,1
264,131,299,6,3.580433202536953,0.7920408239366251,1,0
118,479,167,19,2.506496222208749,0.7619264563758147,4,0
182,288,215,31,2.655502156291815,0.5088438744567894,2,1
288,374,199,12,4.610326321190904,0.5023351988952676,4,0
89,127,83,38,3.4947921029370437,0.6688424844516708,2,1
187,383,80,17,5.041424764910097,0.5389220933261905,1,0
220,486,203,29,2.7177050711534085,0.7692057700277874,3,1
250,391,261,34,3.149723668010766,0.7467673579050071,3,1
279,179,197,23,4.794591040889654,0.5299476756514692,1,1
341,248,133,15,5.497556514724847,0.5867394781466027,4,0
173,458,111,35,4.130921429277727,0.7836842662726948,2,1
152,286,172,17,2.6546303479832956,0.6426634712315176,2,0
279,469,299,8,3.074112666045198,0.9832463357048495,3,0
281,102,123,27,5.08099107459207,0.6517984685285649,4,1
107,218,186,19,3.83706186555353,0.6762475128852501,3,1
307,272,165,5,2.502897362393035,0.6528095628535685,2,0
173,367,226,11,4.456033431058819,0.5525715320367196,1,0
149,114,83,16,2.638446213619948,0.971096246380679,3,0
107,220,148,7,4.633281172657528,0.9297774334074954,3,0
168,265,180,21,3.341229622556491,0.6126783803750697,4,0
78,141,186,19,4.368772398949591,0.6941312842666546,1,0
267,279,225,38,5.442412761634294,0.9697955239454128,1,1
86,435,260,39,4.387950145808446,0.7220878384841718,2,2
123,465,202,9,3.3646222957852876,0.6656179014312643,4,0
64,252,267,32,3.367443579569948,0.9160903232593125,3,1
78,106,111,33,5.322293276708454,0.7589596660557745,3,1
134,451,212,20,4.881084764310069,0.8080204733194556,3,0
181,358,198,20,4.735896777918876,0.7036439052343821,2,1
157,431,265,6,2.8370364636681735,0.9913914035722714,4,0
273,414,192,17,4.468296365984818,0.9175158358662237,3,0
322,334,200,21,2.9642243431650432,0.5217996807028783,4,1
300,377,259,14,4.029676932513061,0.6338757950360097,2,0
103,207,166,25,2.5490025885205227,0.740009103719768,3,0
276,271,165,17,4.926643348106958,0.9812580793513993,4,0
248,408,207,18,4.260419421366537,0.7120861504879269,1,0
308,495,262,9,3.6281087134644645,0.7214788758356657,2,0
304,121,133,11,4.891314717323818,0.9706111802033401,2,0
156,319,297,25,3.280106323545799,0.7375209691903444,2,0
279,470,254,16,3.8392455675343067,0.708805978396456,2,0
253,106,264,17,5.4739743839548005,0.5555118762105907,1,0
170,341,229,6,3.176460871050853,0.6835395049417674,2,0
153,373,165,15,4.481456949136325,0.8670888470266951,3,0
194,271,265,15,4.7985178902914445,0.7265094467147206,2,0
130,434,195,21,4.320899833240249,0.838595488216625,3,0
279,131,136,23,3.104185580759279,0.768838788225177,4,1
93,331,228,19,4.786016001288095,0.5125159030711887,3,0
326,156,268,21,5.337867771902976,0.5051685681506373,2,1
323,368,238,37,4.549953825338276,0.8513639216477139,3,1
344,145,196,24,2.8840518714607417,0.8674244137902158,3,0
151,115,134,7,3.1079581684293913,0.7745258268374692,4,0
90,142,270,27,5.071461729655903,0.849148241064567,4,1
335,410,220,18,2.9980026117722605,0.6153670821561559,3,0
197,215,181,38,2.707086112580621,0.9660455200001355,3,1
268,481,254,7,5.492187028245871,0.7026441500948573,4,0
204,231,247,21,5.453951165659693,0.837790399590812,3,0
219,337,184,25,4.049860857625719,0.7270977194272017,1,1
101,372,298,31,2.883591117093159,0.6325494601717914,4,1
347,192,102,27,4.812851839112103,0.6294101882602219,1,1
348,281,151,15,3.6216250710320725,0.6761262394963896,1,0
254,422,184,30,5.327863222670505,0.6652241295727856,4,1
328,426,220,7,3.574192989098195,0.7680057870783872,4,0
327,380,127,14,5.171743562890432,0.6557549821101594,4,1
322,323,99,6,3.3112306295535068,0.6806156823536242,1,0
189,294,122,9,4.19780744064209,0.9997760603563708,1,0
110,212,154,24,5.143118277515326,0.6590155410860081,3,1
337,497,214,13,3.5038137289400177,0.5145311025012845,2,0
222,106,80,19,2.6213913220742704,0.5981073576869465,2,1
126,342,253,36,5.491902069011736,0.8429947496106913,2,1
316,421,145,27,4.808542440398453,0.780152781078697,2,0
156,159,186,15,5.064367568029983,0.6715916701997142,3,0
317,167,241,32,2.5832063430671823,0.7339144161812408,1,1
201,283,146,32,5.167938675604202,0.5034211805530997,4,1
78,487,163,22,5.394699563648327,0.8084885990206471,2,1
117,442,152,11,4.564932622321878,0.6677766597204327,3,0
179,137,263,29,3.550633055454706,0.9899242901225099,3,1
61,489,260,10,4.27195859641261,0.5543114496560486,3,0
220,378,132,11,2.686971034422818,0.6776209214730748,4,0
333,173,134,23,2.8729745846393167,0.7253349793006996,2,0
202,135,142,28,3.322530861518606,0.588706757220244,3,1
135,194,269,34,4.148765926875676,0.7751422822050356,3,1
297,479,84,25,3.537506025655692,0.5075570779619757,2,1
137,479,231,7,3.567880468633021,0.847959243750998,1,0
293,153,102,10,3.5513123029295355,0.7294937435976614,1,0
197,354,149,23,3.616117289774164,0.5866633214086436,1,0
88,368,197,37,4.1569444066176455,0.9275461202858184,2,1
292,294,140,19,4.398415982626951,0.6821950400090071,3,0
315,340,171,30,4.655534531849941,0.7596004220130432,2,1
193,289,112,30,2.788749824320596,0.6812077489803707,3,0
299,232,92,18,3.587724830472209,0.8202079333115622,3,0
109,453,297,21,2.512552915004723,0.984783365720749,2,0
60,426,234,7,3.766301463525715,0.7351678351760049,2,0
133,159,208,20,3.5858013751750404,0.9346330341668427,3,0
336,117,226,38,3.411782457427762,0.7138088163569695,1,2
130,309,91,30,5.368019759537249,0.8433299635594718,3,0
315,247,166,26,4.793098399592984,0.8670027092221975,4,1
312,298,189,29,4.562909728017049,0.774995306217782,1,1
72,269,249,28,2.6930013234801,0.5053915880760474,2,1
192,415,166,26,4.039907161733853,0.6758451970795402,1,1
76,236,251,10,3.643156088029917,0.5547137085862135,1,0
90,357,263,27,5.233446502750912,0.5663436323996778,3,1
60,131,251,21,4.191918223250718,0.9761626152490666,2,0
92,247,142,7,2.69562713174773,0.9044370707468952,3,0
172,240,174,13,2.711456115967012,0.6520275580805347,1,0
262,162,101,27,5.030676184230146,0.6381810290804641,3,1
116,247,216,5,2.6439669878582537,0.9149799781419183,1,0
257,385,212,5,2.8252956499795627,0.6353078936245886,3,0
190,226,201,31,3.8261208722308737,0.8789683060088234,1,1
181,274,93,35,4.145649528396232,0.6412366314240714,4,1
150,254,239,39,3.1735216338306325,0.7559104311446463,3,1
261,279,126,34,2.8045037673927546,0.9274164961870475,4,1
77,311,267,12,3.416378670255181,0.595405564948319,2,0
314,167,239,9,4.995903774684607,0.7286543804839618,3,0
155,276,167,31,4.457707360683606,0.8832145051633215,2,1
177,116,134,37,3.269892576155576,0.9516377679651905,4,1
78,356,161,22,4.117008025016641,0.853881095794442,4,0
140,478,121,25,4.394933833107299,0.5274468689419349,2,1
193,293,223,31,4.249440188424131,0.6480183659037567,3,1
166,193,125,17,5.4166906777934205,0.8749435668711094,1,0
234,440,199,7,4.91789992888114,0.5987239518048358,4,0
97,354,137,14,5.094265607058272,0.5616213673014154,2,0
304,402,127,39,2.8213052143866078,0.8148511355825916,1,2
78,359,223,39,4.083004126104724,0.8801233803014423,2,1
349,430,86,10,3.548241940525366,0.9535405329270853,3,0
341,116,83,28,5.400267122143221,0.5307515270257679,2,1
180,259,121,26,2.9484322859624297,0.7343269410955435,1,1
154,392,199,35,4.478560698577857,0.9199036304282574,4,1
63,195,104,18,2.619872479029061,0.8261184436644176,1,0
95,221,283,22,4.4129664523033725,0.6492518907734497,1,0
328,122,211,37,4.6803700754896935,0.9894431150201262,1,1
113,182,184,39,5.005097595564191,0.9135180887211982,4,2
292,199,156,16,5.487909636220266,0.6296631848043801,1,0
216,381,94,30,4.339555593723318,0.8315158520800047,4,1
313,103,90,12,4.75914095321217,0.5197569637043704,4,0
73,326,111,12,3.2188397867334704,0.9106514358067783,2,0
184,139,114,23,2.6052699073309147,0.7934604752988799,3,0
151,124,138,33,5.1618825737986365,0.6797978279597351,2,1
222,385,126,21,5.4394544647179615,0.6496348357154416,4,0
291,122,206,28,4.344445448560763,0.9506514040523381,3,0
245,196,125,7,5.028949392817572,0.7716621774374088,4,0
69,206,191,13,5.140934489911592,0.9815206343192742,3,0
335,498,259,17,3.8808121937908764,0.6672686218715339,1,0
321,240,202,30,4.431595692681774,0.7647882857782479,4,1
163,406,206,18,4.2185088467585,0.9815832010259606,3,0
243,230,212,23,5.144100366812723,0.6206440338818223,4,0
318,292,154,19,3.3055377367278362,0.976051516110283,3,0
71,103,211,6,4.417873366531877,0.8530538895743518,1,0
134,142,160,34,3.662150345812226,0.8122077591225022,1,1
335,227,100,20,2.7457515389907896,0.6476356966572627,1,0
67,203,236,6,4.039703788611275,0.8416036173080825,1,0
77,335,118,38,2.8282967906144325,0.652456457556556,2,1
178,371,231,16,2.6051569591685237,0.805816318997087,4,0
182,474,164,22,2.916770123289143,0.8654697023468018,4,0
237,374,277,7,4.548502870933339,0.6982481114200678,1,0
130,170,109,26,4.429782333075089,0.7509844530718692,4,1
150,440,116,21,4.8519672537139575,0.6784933588926623,2,0
192,363,118,29,5.3387870382197615,0.737111587495799,1,1
264,397,121,22,2.9608413907533593,0.5138220207614721,3,1
102,308,91,23,4.67547206460409,0.6319043726766149,1,1
195,277,89,27,4.854543539259298,0.6976991464399174,2,1
209,151,201,7,4.543609718881315,0.7800842626270169,1,0
317,105,285,19,2.841298125184661,0.5117598146614554,1,1
103,466,220,19,4.541415410000649,0.6385229069077736,1,0
250,463,274,10,3.1942031066573744,0.6785245703705076,4,0
144,385,248,13,3.5033691562622824,0.5451997580689592,4,0
263,257,159,28,3.6704701434509968,0.7086071406384642,3,1
90,361,281,29,5.158726669764912,0.8574312004201801,2,1
192,288,226,6,4.93641896171779,0.7659199283583804,1,0
110,388,279,6,5.227071973645611,0.7620086420514849,1,0
145,284,190,25,5.42083987147849,0.7949419375813775,4,1
143,146,144,5,5.285194085094486,0.9587776709349518,4,0
292,129,160,24,4.709331393374242,0.9561637608636848,4,1
347,368,91,28,3.5056257172752776,0.5555480047846022,2,1
127,467,87,30,3.9632286733862085,0.6535288136691476,2,1
200,205,172,39,5.2964098979860665,0.761273986745509,4,1
157,282,126,9,4.559528735294139,0.5437350398561882,4,0
82,249,156,24,3.042656816351891,0.5569289617898507,3,0
284,289,233,29,5.01054555449794,0.7279897774065613,1,1
312,455,254,11,4.5240141518169885,0.9233844914793687,1,0
335,325,266,16,5.19486767487696,0.750712517440039,3,0
66,271,163,30,2.8787338106434324,0.8129046526110449,3,1
210,194,253,35,4.665008267058934,0.8361001459017746,2,1
277,218,295,25,3.148945526448685,0.5858868423743693,1,1
248,209,264,28,4.189372138909889,0.9723572925897452,4,1
132,301,262,5,3.1221191761301292,0.7605977552209273,2,0
61,493,121,26,4.0479992143667785,0.7643116161288055,1,1
215,183,282,23,3.466015684145586,0.8908126751787062,4,0
121,491,147,24,4.697991413323991,0.880788720406845,1,1
184,210,270,13,4.073080437217509,0.780241687501599,4,0
156,440,136,20,4.19134907133842,0.6236117067432398,1,0
168,439,274,10,3.9633904999784395,0.8631969276040873,1,0
325,347,194,18,4.636999562170969,0.5540281163334739,1,0
60,308,278,15,4.900176029615712,0.9768567520959416,1,0
317,294,187,6,5.15672089727184,0.5934052717605909,2,0
212,261,195,26,3.375648466233525,0.7417541883102892,2,1
221,453,227,27,4.426571913823605,0.9953485336773468,2,0
199,304,275,17,3.424699385498073,0.7628756710753539,2,0
141,373,207,30,4.085427228931358,0.6580103785737501,1,1
219,436,108,21,3.4152520463433027,0.7205025295992527,2,0
171,136,169,24,3.7056028420897413,0.9633755834902475,4,0
63,363,243,7,5.00289266977512,0.5646994337628304,2,0
193,257,131,28,4.622541636191895,0.7164918124722824,3,1
172,412,245,39,2.560010420055632,0.5406469797745083,3,2
72,234,126,33,4.2608722075257255,0.964225946084571,3,1
150,295,158,26,3.0101494179386847,0.8253595738873556,3,1
287,438,170,19,4.1394680912216435,0.7333901698717011,4,0
336,253,269,14,4.251462864077326,0.9306173982669329,4,0
294,410,251,38,3.259560663808292,0.6740226213290971,4,2
63,454,207,11,5.287310302414516,0.9019135144596024,2,0
175,456,183,23,4.84505244642097,0.8429383259133022,1,0
70,304,254,8,5.160716830655,0.8863810482392311,4,0
227,207,226,24,4.453366192182061,0.6372176076706272,3,1
239,305,194,20,4.316986578652548,0.8566581916489459,2,0
264,300,295,23,2.7402749541936293,0.7347774531522002,4,1
173,423,233,12,4.157548578967798,0.5828202282868917,3,0
69,125,148,20,5.082997848198445,0.7682043771777911,4,0
281,159,87,10,4.470540990426394,0.5632617111419812,4,0
282,478,241,12,4.0375695695921126,0.6928184466311955,4,0
134,431,291,7,4.6575284712751355,0.7458545518243649,3,0
186,387,127,5,5.36183430448107,0.60640261101796,2,0
71,470,120,39,3.365206962816075,0.7967955606171484,4,1
115,106,175,24,4.221539125147153,0.8983303236096796,2,0
199,253,152,17,2.9774888876387964,0.5156318690231159,4,0
180,424,262,7,3.1094335209975656,0.5111851485286895,4,0
76,408,117,37,3.7533483384217456,0.9521631789809166,2,2
116,449,162,9,3.074688641172901,0.6676662372924203,1,0
299,235,252,31,5.47656984892767,0.8958680554588985,4,1
96,300,114,21,5.342582085238174,0.7998431557775919,4,0
71,433,201,33,4.452670697083361,0.8507717812696771,1,1
282,450,275,35,2.6785946296605654,0.9654195139352115,3,1
237,459,185,25,4.300046212864648,0.9783112205498254,4,0
231,337,206,38,4.405344190084922,0.8368370270889915,3,2
311,199,215,9,3.102937352404297,0.9495469533516175,2,0
105,424,223,7,5.3839070231733,0.6052771335471345,4,0
169,380,209,20,5.114030696696135,0.8308177813262783,2,0
125,335,298,17,3.497235081996335,0.5251596630117563,2,0
291,229,259,6,5.315019809893129,0.7682007380177074,4,0
338,224,225,10,4.354352249779046,0.7055431411524413,3,0
228,456,132,6,3.250427920044401,0.5563200035927098,3,0
285,279,106,35,2.6940320276533196,0.62984145489419,4,2
313,188,182,12,4.090971170446341,0.6328114530064888,3,0
330,345,207,34,4.139504542734116,0.5982023614905689,1,2
344,266,260,29,5.029589082317452,0.9539087639797994,1,1
220,280,279,21,3.419090051517256,0.5244463265902733,1,1
235,119,182,11,5.28322743184456,0.9011832855939328,2,0
143,120,155,34,2.643429326536929,0.8008266116099938,4,1
216,166,297,30,3.418555421708951,0.8373712320768762,4,1
151,384,161,16,5.266039458439645,0.6433378397583329,3,0
217,175,207,12,4.524099158619112,0.8774496454595834,3,0
139,109,213,24,4.3084023540787,0.9274800786561053,4,0
283,156,276,14,2.5199169678460898,0.6312835298103738,4,0
150,317,271,21,2.5824562516745875,0.6405950787898573,1,0
307,146,122,23,5.276477999823948,0.7323378506543432,2,0
332,421,199,9,5.001208200622791,0.5803808183885684,3,0
312,401,195,14,4.228322748862654,0.7955557479239324,2,0
75,342,172,8,3.7275162138584523,0.5264887588960916,1,0
327,271,168,8,3.6553623213820465,0.7860336610483214,3,0
268,389,265,20,2.9859421621679103,0.616257365371333,2,0
281,374,194,13,2.6140524072344493,0.8368981296499234,1,0
143,214,82,26,4.061975393447841,0.8022652048389025,1,0
136,219,281,12,5.3147467282057494,0.6461684371312804,3,0
182,103,153,17,2.8468514313709314,0.6823958965060792,2,0
80,127,169,13,4.34014789016499,0.6383252590905738,1,0
111,433,85,8,5.017605252246944,0.6470111651000063,3,0
204,117,144,34,2.5019573451955424,0.9639607039508806,1,1
65,429,154,36,4.990224475217202,0.622604750780712,3,2
119,421,174,24,4.0444390335956975,0.989685246144479,4,0
114,150,174,32,2.513485145054072,0.9530369958170305,4,0
271,357,262,36,3.5799958136439622,0.9711787136014465,2,1
143,172,127,39,4.434787501150707,0.999991821200634,2,1
142,449,114,24,4.937341785542679,0.5863912835470071,2,0
219,444,276,5,5.226333609580957,0.7849991244990666,1,0
125,135,186,26,4.7164722676974105,0.7827951254801719,3,0
300,313,173,11,4.267921619069583,0.9588413333774247,2,0
318,465,198,5,3.9980701364047557,0.5081785082021273,2,0
171,342,133,39,3.9161561656109085,0.6228374533802117,1,2
253,247,85,10,3.801357746853421,0.5220756083974631,3,0
278,276,154,26,4.085826631442465,0.8216937073183556,3,1
228,181,179,6,2.5578002046212154,0.8309480118589521,1,0
76,357,127,27,2.652796525931899,0.6958816492313237,1,1
321,132,155,27,5.200802606072271,0.8431885342201185,2,1
231,368,257,14,5.432873116101219,0.8795961992875702,3,0
78,345,289,5,3.2202102697830313,0.9522364737620763,3,0
200,493,289,22,5.344460138776726,0.730526368940166,2,0
64,450,144,36,4.288116395555061,0.945647818403021,4,1
246,493,188,8,3.7320138029714203,0.8777808914666458,2,0
97,242,265,27,3.0364510735073598,0.8151238965102445,1,1
64,270,92,38,4.232460739032119,0.7906064481288798,2,1
245,178,146,29,3.3421219284518093,0.964348721763031,3,1
251,203,280,23,2.568267335828697,0.8971579303845245,1,0
227,362,290,34,4.9578629657831295,0.5757391478407268,2,1
174,424,269,9,5.479441105938213,0.7706023317711701,4,0
181,165,186,9,4.562134349912936,0.9070869444941736,1,0
347,317,231,38,3.9490347727219746,0.9565363372107908,3,1
156,261,179,6,5.16098050803267,0.7302008072348758,4,0
166,249,162,36,4.613063818154314,0.6503611267016366,1,2
83,308,130,16,4.103842484629096,0.8173252338201817,4,0
135,158,192,23,4.845310226003365,0.672991617605808,3,1
301,166,131,12,4.449502384239022,0.5299151286017227,3,0
330,355,94,11,5.46214513794826,0.7159616613408678,2,0
265,169,100,6,4.828406497544167,0.5976705803672486,4,0
203,217,237,26,2.954162580455711,0.8205025170800629,1,0
81,220,159,39,3.572681861089127,0.590149136599526,3,2
339,401,172,27,5.086327450778248,0.7746066998026089,4,1
95,462,223,10,5.484425939994575,0.5055076872569058,3,0
124,473,166,24,4.512576049888972,0.5230918994278219,4,1
257,424,158,35,2.69128669570609,0.6026325750903274,1,1
306,323,296,32,4.714602845420801,0.9409907851840308,1,1
93,442,115,22,3.9584232967005666,0.5176769870041271,1,1
260,438,120,21,3.5483011302330008,0.8236239349806516,2,0
327,349,194,10,4.376110794114839,0.5435199439753367,3,0
65,366,282,16,2.760588977110861,0.8964556451812975,3,0
151,378,151,25,3.3134322314989526,0.7426831725583882,2,0
262,163,129,19,3.0924744181412276,0.7430222546037653,2,0
225,198,279,22,2.9944783903056744,0.6874587018507637,2,1
277,374,189,12,2.8015815882838715,0.5581639114510973,3,0
254,285,275,25,3.2017681006399052,0.8012679533222632,4,1
274,265,121,17,2.9250797397518404,0.6353431066608923,1,0
294,461,117,8,3.3121537476233427,0.799054405116447,1,0
143,385,176,14,4.165383073791999,0.6426249611228317,3,0
82,314,167,8,4.122250867491665,0.7365621076177818,3,0
190,412,85,20,3.2534713001207347,0.628820568934651,2,0
88,246,103,7,4.741915683839855,0.635072907695585,1,0
317,344,110,26,3.933329545483174,0.9908823988464694,1,1
311,414,153,32,2.516765830488069,0.7019617535715845,4,1
114,221,199,9,2.9600718675486775,0.8976746840770305,2,0
122,246,278,37,3.90731778198759,0.7356504476825401,2,1
184,433,298,30,4.908624348695527,0.5248598009462451,2,1
237,300,251,14,3.719436102003178,0.7377535237331909,2,0
132,438,226,18,4.513119602356881,0.8199454406121627,4,0
311,109,200,39,3.4021627781029853,0.7606715048529373,2,2
218,293,119,33,3.947223403431355,0.5169395447266796,1,1
61,443,198,34,3.1543116863878202,0.6721413893658786,1,1
93,467,250,37,5.316267713447268,0.9807812818379854,3,1
138,184,112,20,5.292496329465241,0.5990735252954639,4,0
112,218,299,38,4.5642654406692085,0.7608233416895923,2,1
99,429,102,22,5.429353363688981,0.8228077704746743,3,0
217,119,271,28,2.6587964505739983,0.5383174058395976,2,1
94,371,100,32,3.8561374251033165,0.5025641979940132,2,1
173,390,99,17,3.5875408601420204,0.7484011161203343,1,0
253,338,176,29,4.121408384209521,0.8877916348259068,1,1
206,267,206,38,4.811151285338022,0.6916688911754971,4,2
125,163,169,31,5.202325067794048,0.595098815360791,2,1
301,285,188,27,3.0467262360314717,0.9454894161451664,2,1
107,116,90,38,2.712811328281659,0.5307943841930463,4,2
71,334,124,25,3.048115225690903,0.5637849102662025,2,0
65,247,113,14,3.1835979879730134,0.813753925580559,2,0
179,410,124,11,2.5311645863783543,0.6457323570906658,1,0
172,349,133,11,5.0673547465205235,0.8110047116466359,4,0
115,319,97,30,4.327642859813148,0.5387495316286501,3,1
145,126,167,25,2.8031184678320047,0.7009419756844689,3,1
242,177,197,39,5.406418004836946,0.9810546238423932,4,1
315,414,293,22,3.3247388078676425,0.5375769350472974,2,1
325,366,216,26,5.25742654645641,0.5735466512421026,1,0
283,428,233,22,4.410108315043896,0.9816750353261755,1,0
101,479,247,5,5.448693285202179,0.718849229565794,2,0
174,239,160,32,4.056666234523384,0.6240597810193732,4,1
88,126,136,6,4.5959449267833765,0.7633811214964628,4,0
182,416,189,32,4.921601178139078,0.6224831905477937,4,1
233,396,141,18,2.7823281423724184,0.9629263541010699,4,0
85,100,290,32,3.2719442208381415,0.7115644903826692,1,1
83,129,208,14,5.292934764582762,0.550856734119233,1,0
326,164,289,22,2.53371313554887,0.7180602435515593,3,0
199,306,205,39,4.3280468055702785,0.7016482874635055,1,1
254,211,188,8,3.3973720347161604,0.7116945455784076,2,0
61,250,179,30,3.0118602465914837,0.5937725923882116,4,1
105,318,187,8,2.6684909565596886,0.5712868162899376,4,0
294,417,167,30,5.000123979125943,0.790042938847554,3,1
252,343,119,12,4.808068004925353,0.6421630062334119,1,0
305,479,103,11,4.377010010288228,0.6351149412837286,3,0
230,168,110,37,3.3811580501953253,0.6536954379055782,4,2
82,458,83,38,4.352347756666868,0.6941198081444233,1,2
283,172,265,22,5.495341615082973,0.915382718200263,2,0
236,478,136,12,3.290268525063887,0.7796426197868512,3,0
341,120,90,28,4.656356822264999,0.9600765738413608,1,1
101,405,281,30,4.875818961937043,0.8993116717286351,3,1
246,383,93,37,4.057175245405617,0.6133344149949285,3,1
211,301,218,38,4.260360723623286,0.6610903969097717,2,1
142,325,156,32,5.4897373471969555,0.9157555711541561,3,1
75,476,143,25,4.770696522306615,0.6100362981928307,3,0
324,317,174,24,3.169564544657759,0.5582838649268367,2,0
276,282,214,37,3.92315142538851,0.8789816527317462,4,1
342,280,138,22,2.8241696442326356,0.9359149586538731,2,0
83,406,186,13,3.712555832371321,0.546479794457141,1,0
325,325,132,36,5.3593702724441625,0.8464697949839642,4,1
72,384,282,6,4.318411998055316,0.8393999952599138,3,0
75,341,211,12,3.373001217715197,0.7236700063426,2,0
99,354,145,20,3.260148497361349,0.7050441706699537,1,0
283,198,170,12,4.676253329228309,0.6503892968305762,3,0
216,290,285,18,2.672104365461127,0.6840722872200082,4,0
73,150,225,27,4.858507373021482,0.6680673939923226,2,1
61,458,262,23,2.96402377844117,0.5382552544973676,4,0
116,452,115,14,3.633102279037763,0.923545766530163,3,0
171,447,138,21,3.995029222447513,0.7885994511578001,1,0
216,132,282,21,5.3998313035373675,0.5249444250955414,2,1
293,227,139,32,3.0177387595587515,0.8905937489040749,1,1
161,414,86,24,2.847227992853215,0.7836187812226012,1,1
133,487,167,37,3.242129084093448,0.8490200438343798,2,1
234,387,299,13,2.8497461222279954,0.8842776343177576,2,0
242,498,157,34,2.628445205197094,0.6327377028494794,4,1
348,231,180,37,3.392908146282002,0.9710658881209748,3,1
129,483,205,9,4.917182057373874,0.7949073336728751,1,0
330,349,251,33,4.41030590885582,0.780315809421841,2,1
109,310,145,16,2.9054210503970466,0.882104984751489,4,0
311,334,253,32,4.458483700519825,0.8700530891394684,4,1
185,454,162,18,4.182762603507657,0.9612463294469575,3,0
254,359,140,33,2.8493866784464643,0.8031947335379386,4,1
129,475,241,17,2.896657798653801,0.8518897329295696,4,0
173,326,170,19,4.631042673981469,0.502976006973193,2,0
144,298,278,6,3.3068054489746976,0.672913609242357,2,0
276,292,156,34,4.962637936593838,0.5924119911043738,3,2
99,280,228,26,3.626575990123756,0.54061784703139,1,1
102,265,182,22,3.5003153376865557,0.6727018219388168,4,1
95,465,294,10,3.0992023934816406,0.5525920689939553,3,0
241,272,117,22,4.5489868550697246,0.9888490706703562,2,0
303,214,227,14,2.6310901249654686,0.5145821294068342,2,0
78,179,122,36,3.7729763574672015,0.7762518697044687,4,1
326,351,259,21,3.017293816577774,0.8850238019079252,3,0
180,240,284,6,3.3064390021288927,0.971998692685776,3,0
263,374,199,30,2.7646390993712693,0.8280525024282668,4,1
239,341,275,18,2.8785910382709883,0.6581832938360616,3,1
166,403,160,17,3.620260302498043,0.500116626720022,2,0
303,423,116,33,3.5535681059192297,0.9120344966077583,3,1
189,107,206,27,4.6558708434721385,0.9509890053688398,2,1
205,451,135,25,3.7372221164834234,0.6494180040943851,4,0
205,335,183,30,5.2435454077157235,0.8061679475801357,1,1
197,437,112,7,4.073014916815859,0.7843968196844222,1,0
60,141,190,31,2.7116164928645725,0.8543725352428151,4,1
185,427,261,31,5.15796742636853,0.8278944406242327,4,1
62,487,260,5,4.912613681684037,0.8685796667243679,3,0
332,268,146,6,4.240075280159499,0.671887782675721,3,0
337,297,115,19,5.355808595784747,0.7714064111371635,2,0
168,473,91,19,5.183212799677267,0.8116272755193932,3,0
347,196,223,7,3.096197888384256,0.7155281305571901,1,0
116,129,236,29,4.250727919473139,0.6475235874830692,4,1
252,269,186,7,2.9539949476040306,0.9399204637399872,3,0
167,132,252,30,3.24415076985324,0.8895408146403201,4,1
196,228,126,19,2.9629454807671243,0.8487667175721973,4,0
140,398,132,31,3.982433337761234,0.8196185043547475,2,1
193,155,113,35,4.090975553273878,0.7820950395500809,3,1
126,209,187,22,3.2205978306899854,0.8006915885692811,4,0
219,438,223,21,4.499915142073167,0.9570739302219136,1,0
151,444,274,23,4.894718635119169,0.5558781637397727,1,1
218,270,281,39,4.752663989801539,0.8620640792524602,4,2
114,190,228,28,3.2529417231116478,0.5389135914667748,2,1
260,429,179,14,2.741003066129565,0.7500625361556217,2,0
287,248,94,18,4.591108171603005,0.8322362201947238,2,0
183,293,144,19,5.029474032298812,0.7174028145345932,4,0
71,249,281,11,3.9113019622263794,0.8604112924915555,2,0
275,194,237,20,4.679588094632589,0.5279646813648442,4,0
312,352,151,23,3.0566036677156356,0.5753695757514516,3,1
149,422,198,22,4.853872781615674,0.7580980509228972,4,0
214,205,183,6,4.439957192808539,0.7916703383607061,3,0
85,261,263,13,3.8231823602831407,0.6218472311463197,3,0
95,221,159,35,4.423918596231901,0.6377404285115738,1,1
228,373,225,38,2.5077030727984386,0.9045801485882459,1,2
329,468,281,26,3.5854012090022223,0.8904635814796229,4,1
191,133,168,33,4.029373620417939,0.9948124341500271,4,1
194,288,175,22,3.77137885253332,0.9401066777442705,1,0
86,112,266,15,5.431594823944944,0.6266142883916509,3,0
109,496,159,35,4.3034141356619555,0.5673371383307388,4,1
305,181,202,32,4.342699247706117,0.7448135003508327,1,1
93,248,186,17,4.671568281294942,0.6107311061068388,2,0
260,190,282,9,3.4103456204900056,0.9951901574385472,1,0
230,198,254,20,5.149584322673311,0.7029027487846964,4,0
235,457,209,33,4.221853669574028,0.9711711443494653,4,1
252,422,132,37,5.220447514814666,0.7025564087764546,3,1
64,318,152,34,2.5154546302867136,0.9887561479427249,1,1
166,428,153,24,4.2717142950388425,0.7298586936061195,2,0
211,417,285,35,3.4604535858691863,0.979569426439428,3,1
